job_id,job_title,company_name,company_state,remote_ratio,employment_type,experience_level,company_size,salary
3313895534,Machine Learning Engineer,CyberCoders,NC,Presencial,Jornada completa,Intermedio,L,125000.0
3449519309,Machine Learning Engineer,BenchPoint,Estados Unidos,Presencial,Jornada completa,Intermedio,S,125000.0
3518386782,Deep Learning Engineer,Skydio,CA,Presencial,Jornada completa,Intermedio,L,125000.0
3577492525,Deep Learning Engineer,Roblox,CA,Híbrido,Jornada completa,Sin experiencia,L,307710.0
3594968223,Data Engineer,The AES Group,WA,Híbrido,Jornada completa,Sin experiencia,M,307710.0
3594987830,Data Scientist,Sandhills Global,NE,Híbrido,Jornada completa,Sin experiencia,L,307710.0
3605390007,Machine Learning Engineer,CGG,TX,Híbrido,Jornada completa,Sin experiencia,L,307710.0
3608073285,Data Engineer,Stellent IT,Estados Unidos,Híbrido,Jornada completa,Sin experiencia,M,307710.0
3628863888,Machine Learning Engineer,AeroVironment,VA,Híbrido,Jornada completa,Sin experiencia,L,307710.0
3628866409,Machine Learning Engineer,AeroVironment,MN,Híbrido,Jornada completa,Sin experiencia,L,307710.0
3635061497,Machine Learning Engineer,Scale AI,CA,Híbrido,Jornada completa,Sin experiencia,L,307710.0
3637393456,Data Scientist,U.S. News & World Report,WA,Híbrido,Jornada completa,Sin experiencia,L,307710.0
3641444189,Data Engineer,Anblicks,TX,Híbrido,Jornada completa,Sin experiencia,L,307710.0
3645971561,Data Engineer,ISmile Technologies,Estados Unidos,Híbrido,Jornada completa,Sin experiencia,M,307710.0
3656659700,Deep Learning Engineer,Netradyne,CA,Híbrido,Jornada completa,Sin experiencia,L,162500.0
3659214344,Data Engineer,Software Technology Inc.,TX,Híbrido,Jornada completa,Sin experiencia,L,162500.0
3667526193,Machine Learning Engineer,Boston Dynamics,MA,Híbrido,Jornada completa,Sin experiencia,L,162500.0
3674036289,Data Scientist,Amazon,CA,Híbrido,Jornada completa,Sin experiencia,L,162500.0
3675232968,Data Scientist,ascena,Estados Unidos,En remoto,Jornada completa,Algo de responsabilidad,L,112500.0
3680312613,Machine Learning Engineer,CyberCoders,NC,Presencial,Jornada completa,Intermedio,L,125000.0
3681938700,Machine Learning Engineer,Mastech Digital,TX,Presencial,Jornada completa,Intermedio,L,125000.0
3682226450,Machine Learning Engineer,DeepRoute.ai,CA,Presencial,Jornada completa,Intermedio,L,125000.0
3683024658,Machine Learning Engineer,Groq Health,NY,Presencial,Jornada completa,Intermedio,S,125000.0
3684110733,Deep Learning Engineer,Nimble,CA,Presencial,Jornada completa,Intermedio,M,125000.0
3686550330,Data Engineer,Extend Information Systems Inc.,VA,Presencial,Jornada completa,Intermedio,M,125000.0
3689932006,Machine Learning Engineer,Nuro,CA,Híbrido,Jornada completa,Intermedio,L,209000.0
3693947782,Data Engineer,ByteDance,WA,Híbrido,Jornada completa,Intermedio,L,209000.0
3694034911,Deep Learning Engineer,"Volkswagen of America, Inc",CA,Híbrido,Jornada completa,Intermedio,L,209000.0
3697918396,Data Scientist,TikTok,CA,Híbrido,Jornada completa,Intermedio,L,209000.0
3700083571,Data Scientist,Burtch Works,MA,Híbrido,Jornada completa,Director,M,220000.0
3705236247,BI Analyst,Marmon Glove Group,IL,Híbrido,Jornada completa,Director,M,220000.0
3709980910,Data Scientist,OpenAI,CA,Híbrido,Jornada completa,Director,L,220000.0
3710010128,Machine Learning Engineer,Hugging Face,NY,Híbrido,Jornada completa,Director,M,220000.0
3710141452,Data Analyst,RVO Health,NC,En remoto,Jornada completa,Intermedio,L,70000.0
3711696827,Data Scientist,The Lubrizol Corporation,OH,En remoto,Jornada completa,Intermedio,L,70000.0
3712102129,Data Scientist,The Lubrizol Corporation,OH,En remoto,Jornada completa,Intermedio,L,70000.0
3713995239,Data Analyst,Delta Air Lines,GA,Presencial,Prácticas,Intermedio,L,
3719230993,Machine Learning Engineer,Rokt,NY,Híbrido,Jornada completa,Intermedio,L,250000.0
3719603725,Machine Learning Engineer,Industrial Next,CA,Presencial,Jornada completa,Sin experiencia,M,170000.0
3723218072,Data Scientist,BORN,Estados Unidos,Presencial,Jornada completa,Sin experiencia,L,170000.0
3726376216,Data Scientist,Kiewit,NE,Presencial,Jornada completa,Sin experiencia,L,170000.0
3728050026,Machine Learning Engineer,Netflix,CA,Presencial,Jornada completa,Sin experiencia,L,170000.0
3728125911,Research Engineer,Meta,WA,Presencial,Jornada completa,Sin experiencia,L,170000.0
3728126550,Research Engineer,Meta,NY,Presencial,Jornada completa,Sin experiencia,L,170000.0
3728891680,Machine Learning Engineer,Expedition Technology Inc,VA,Presencial,Jornada completa,Sin experiencia,M,170000.0
3729097460,Data Scientist,Worldwide Flight Services (WFS),TX,Presencial,Jornada completa,Sin experiencia,L,170000.0
3730766989,Machine Learning Engineer,NVIDIA,Estados Unidos,En remoto,Jornada completa,Intermedio,L,207125.0
3731939310,Data Scientist,Yext,NY,En remoto,Jornada completa,Intermedio,L,207125.0
3732290351,Data Scientist,Alldus,MA,En remoto,Jornada completa,Intermedio,M,207125.0
3732353197,Data Scientist,Harnham,NY,En remoto,Jornada completa,Intermedio,L,175000.0
3733538352,Data Scientist,Reveal Global Consulting,WA,En remoto,Jornada completa,Intermedio,M,175000.0
3734622042,Machine Learning Engineer,Neural Magic,MA,En remoto,Jornada completa,Intermedio,M,175000.0
3734666108,Data Scientist,Walmart,NY,En remoto,Jornada completa,Intermedio,L,175000.0
3734935467,Deep Learning Engineer,Imagry,CA,En remoto,Jornada completa,Intermedio,M,175000.0
3736465658,Machine Learning Engineer,"NovoDynamics, Inc.",MI,En remoto,Jornada completa,Intermedio,M,175000.0
3736514777,Data Engineer,Vodastra Technologies,NY,En remoto,Jornada completa,Intermedio,M,175000.0
3737711421,Deep Learning Engineer,Anyscale,CA,Presencial,Jornada completa,Sin experiencia,M,203556.0
3737746049,Data Scientist,Consultis,FL,Presencial,Jornada completa,Sin experiencia,M,203556.0
3739504870,Data Scientist,Alphatec Spine,CA,Presencial,Jornada completa,Sin experiencia,L,203556.0
3740463525,Data Scientist,Centific,WA,Presencial,Jornada completa,Intermedio,L,180000.0
3740932460,Data Analyst,Molina Healthcare,WI,En remoto,Jornada completa,Prácticas,L,38400.0
3740964793,Data Scientist,Copart,TX,Presencial,Prácticas,Prácticas,L,
3741372441,Machine Learning Engineer,PubMatic,CA,Híbrido,Jornada completa,Intermedio,L,170000.0
3742232441,Data Analyst,Clindata Insight Inc,Estados Unidos,Híbrido,Jornada completa,Intermedio,M,170000.0
3742256840,Data Analyst,Olympus Corporation of the Americas,PA,Híbrido,Jornada completa,Intermedio,L,79586.0
3742258706,Data Analyst,Olympus Corporation of the Americas,Estados Unidos,En remoto,Jornada completa,Intermedio,L,79586.0
3742997483,Machine Learning Engineer,Bloomberg,NY,En remoto,Jornada completa,Intermedio,L,79586.0
3743166796,Machine Learning Engineer,Cisco,CA,En remoto,Jornada completa,Intermedio,L,79586.0
3743332641,Data Engineer,Vodastra Technologies,OR,En remoto,Jornada completa,Intermedio,M,79586.0
3743963486,Data Scientist,Axtria - Ingenious Insights,NJ,En remoto,Jornada completa,Intermedio,L,79586.0
3744140839,Data Scientist,Integra Connect,Estados Unidos,En remoto,Jornada completa,Intermedio,L,79586.0
3744396608,Machine Learning Engineer,Recruiting from Scratch,TX,En remoto,Jornada completa,Intermedio,M,79586.0
3745295106,Machine Learning Engineer,MITRE,VA,En remoto,Jornada completa,Intermedio,L,79586.0
3746294752,Data Analyst,Russell Tobin,NY,En remoto,Jornada completa,Intermedio,L,79586.0
3747310074,Machine Learning Engineer,Oculus VR,WA,En remoto,Jornada completa,Intermedio,L,79586.0
3747326403,Data Engineer,BLN24,VA,En remoto,Jornada completa,Intermedio,M,79586.0
3747569772,Data Engineer,Massachusetts Institute of Technology,MA,En remoto,Jornada completa,Intermedio,L,79586.0
3747733575,Data Engineer,Steneral Consulting,IL,En remoto,Jornada completa,Intermedio,M,79586.0
3747764103,Data Scientist,Kingstone Insurance Company,Estados Unidos,En remoto,Jornada completa,Intermedio,M,107500.0
3748441510,Data Engineer,Steneral Consulting,IL,En remoto,Jornada completa,Intermedio,M,107500.0
3748511751,Data Engineer,Encore Fire Protection,MA,En remoto,Jornada completa,Intermedio,L,107500.0
3748572470,Machine Learning Engineer,TikTok,CA,En remoto,Jornada completa,Intermedio,L,107500.0
3748812655,Data Scientist,Cypress HCM,CA,Híbrido,Contrato por obra,Intermedio,M,174720.0
3749020642,Data Engineer,"iSpace, Inc.",OH,Híbrido,Contrato por obra,Intermedio,L,174720.0
3749263656,Machine Learning Engineer,Waabi,CA,Híbrido,Jornada completa,Intermedio,M,156000.0
3749774586,Data Engineer,The Lockwood Group,MD,Híbrido,Jornada completa,Intermedio,M,156000.0
3750650247,Machine Learning Engineer,Gridmatic,CA,Híbrido,Jornada completa,Sin experiencia,M,140000.0
3751126206,Machine Learning Engineer,Probar Premium gratis,AZ,Híbrido,Jornada completa,Sin experiencia,,140000.0
3751128278,Data Engineer,Mapout Digital solutions inc,TX,Híbrido,Jornada completa,Sin experiencia,L,140000.0
3751271718,Data Scientist,"Client Resources, Inc.",NE,Híbrido,Jornada completa,Sin experiencia,M,140000.0
3751607032,Data Scientist,DISYS,NC,Híbrido,Jornada completa,Sin experiencia,L,140000.0
3751948880,Data Scientist,Proven Recruiting,CA,Híbrido,Jornada completa,Sin experiencia,M,106000.0
3752319824,Data Engineer,Metric5,MO,Híbrido,Jornada completa,Sin experiencia,M,106000.0
3752496774,Machine Learning Engineer,First Soft Solutions LLC,TX,Híbrido,Jornada completa,Sin experiencia,M,106000.0
3752865669,Data Scientist,Cypress HCM,Estados Unidos,En remoto,Contrato por obra,Intermedio,M,108480.0
3752870707,Data Scientist,innoVet Health (SDVOSB),Estados Unidos,En remoto,Contrato por obra,Intermedio,M,108480.0
3752871763,Machine Learning Engineer,Red Oak Technologies,TX,En remoto,Contrato por obra,Intermedio,L,108480.0
3752872433,Data Scientist,Copart,TX,Híbrido,Prácticas,Prácticas,L,
3753015172,Data Engineer,ARA,VA,Híbrido,Prácticas,Prácticas,L,
3753408170,Deep Learning Engineer,NVIDIA,CA,Híbrido,Prácticas,Prácticas,L,
3754419732,Data Scientist,AMISEQ,CA,Híbrido,Prácticas,Prácticas,M,
3755005401,Data Engineer,Get It Recruit - Real Estate,VA,Híbrido,Prácticas,Prácticas,S,
3755033312,Machine Learning Engineer,Tiposi,CA,Híbrido,Prácticas,Prácticas,M,
3755047295,Data Analyst,Ledgent Technology,FL,Híbrido,Prácticas,Prácticas,L,
3755065806,Data Engineer,Hewlett Packard Enterprise,CA,Híbrido,Prácticas,Prácticas,L,
3755116125,Data Scientist,INSIGHT2PROFIT,IL,Híbrido,Prácticas,Prácticas,L,
3755296290,Machine Learning Engineer,UST,Estados Unidos,En remoto,Jornada completa,Intermedio,L,142500.0
3755427585,Machine Learning Engineer,hackajob,CA,En remoto,Jornada completa,Intermedio,M,142500.0
3755527654,Data Engineer,Steneral Consulting,MN,En remoto,Jornada completa,Intermedio,M,142500.0
3755579686,Machine Learning Engineer,EquipmentShare,KS,En remoto,Jornada completa,Intermedio,L,142500.0
3756027924,Data Engineer,innoVet Health (SDVOSB),Estados Unidos,En remoto,Jornada completa,Intermedio,M,142500.0
3756052821,Data Scientist,Copart,TX,,Prácticas,Prácticas,L,
3756057160,Machine Learning Engineer,Non-Disclosed,NY,Presencial,Jornada completa,Director,,
3756135992,Data Scientist,Adobe,CA,Híbrido,Prácticas,Prácticas,L,86400.0
3756138519,Machine Learning Engineer,NOMA AI,Estados Unidos,Híbrido,Prácticas,Prácticas,S,86400.0
3756142077,Data Scientist,Adobe,CA,Híbrido,Prácticas,Prácticas,L,86400.0
3756235116,Data Scientist,Statkraft,CT,Híbrido,Prácticas,Prácticas,L,86400.0
3756511926,Data Engineer,Aristotle,UT,Híbrido,Prácticas,Prácticas,M,86400.0
3756661419,Machine Learning Engineer,Rekovar Inc.,CA,Híbrido,Prácticas,Prácticas,M,86400.0
3756668161,Data Scientist,Rekovar Inc.,CA,Híbrido,Prácticas,Prácticas,M,86400.0
3756690220,Data Engineer,Eliassen Group,NY,Híbrido,Contrato por obra,Intermedio,L,153600.0
3756813046,Machine Learning Engineer,Sieve,CA,Híbrido,Contrato por obra,Intermedio,S,153600.0
3757246497,Data Analyst,WayUp,NY,Presencial,Prácticas,Prácticas,M,96000.0
3757264801,Data Scientist,Paritas Recruitment,NY,Presencial,Jornada completa,Intermedio,M,200000.0
3757404894,Data Scientist,SoFi,FL,Presencial,Jornada completa,Intermedio,L,200000.0
3757458832,Data Analyst,"Cassaday & Company, Inc.",VA,Presencial,Jornada completa,Intermedio,M,200000.0
3757569899,Data Analyst,Delivered,OH,Presencial,Jornada completa,Intermedio,S,200000.0
3757683066,Data Scientist,ACL Digital,IN,Híbrido,Contrato por obra,Intermedio,L,79680.0
3757776367,Data Scientist,Tinder,CA,Híbrido,Jornada completa,Sin experiencia,L,122500.0
3757803778,Data Engineer,TechTammina LLC,NC,Híbrido,Jornada completa,Sin experiencia,L,122500.0
3757898670,Data Scientist,Acceler8 Talent,WA,Híbrido,Jornada completa,Intermedio,M,225000.0
3758102716,Machine Learning Engineer,Storm3,Estados Unidos,Híbrido,Jornada completa,Intermedio,M,225000.0
3758107529,Data Scientist,PEOPLE FORCE CONSULTING INC,Estados Unidos,Híbrido,Jornada completa,Intermedio,M,225000.0
3758133375,Machine Learning Engineer,Russell Tobin,CA,Presencial,Contrato por obra,Sin experiencia,L,172800.0
3758155987,Machine Learning Engineer,Rokt,CA,Híbrido,Jornada completa,Director,L,280000.0
3758158575,Machine Learning Engineer,Rokt,NY,Híbrido,Jornada completa,Director,L,280000.0
3758209365,Machine Learning Engineer,Tech Mahindra (formerly Mahindra Satyam),TX,Híbrido,Jornada completa,Director,L,280000.0
3758222339,Data Scientist,Wipro,FL,Híbrido,Jornada completa,Director,L,280000.0
3758907164,Machine Learning Engineer,Storm3,CA,Híbrido,Jornada completa,Director,M,280000.0
3758916098,Machine Learning Engineer,Skills Alliance,CA,Híbrido,Jornada completa,Director,M,280000.0
3758917866,Data Analyst,DISYS,FL,Híbrido,Jornada completa,Director,L,280000.0
3758948418,Data Analyst,The Intersect Group,TN,Híbrido,Jornada completa,Director,L,280000.0
3758952864,Data Engineer,Capgemini,WA,Híbrido,Jornada completa,Director,L,280000.0
3758968187,Data Analyst,The Cloudburst Group,Estados Unidos,Híbrido,Jornada completa,Director,M,280000.0
3759047413,Data Scientist,Cititec Talent,TX,Híbrido,Jornada completa,Intermedio,M,175000.0
3759308653,Data Engineer,eSense Incorporated,MA,Híbrido,Jornada completa,Intermedio,M,175000.0
3759325599,Data Engineer,Steneral Consulting,Estados Unidos,Híbrido,Jornada completa,Intermedio,M,175000.0
3759348748,Data Engineer,TekSalt Solutions,MN,Híbrido,Jornada completa,Intermedio,M,175000.0
3759374206,Machine Learning Engineer,Adobe,CA,Híbrido,Jornada completa,Intermedio,L,175000.0
3759423596,Data Scientist,SoFi,UT,Híbrido,Jornada completa,Intermedio,L,175000.0
3759515210,Data Engineer,People Tech Group Inc,MI,Presencial,Prácticas,Prácticas,L,
3759719867,Machine Learning Engineer,Akkodis,MI,Presencial,Contrato por obra,Intermedio,L,122880.0
3759796905,Machine Learning Engineer,Walmart,CA,Híbrido,Jornada completa,Intermedio,L,180000.0
3759962208,Machine Learning Engineer,EVONA,CA,Híbrido,Jornada completa,Intermedio,M,180000.0
3759969537,Data Engineer,WinMax,CA,Híbrido,Jornada completa,Intermedio,M,180000.0
3759990120,Data Scientist,Trusaic,CA,En remoto,Jornada completa,Algo de responsabilidad,M,77500.0
3760177911,AI Engineer,Jabil,KY,En remoto,Jornada completa,Algo de responsabilidad,L,77500.0
3760202672,Data Scientist,Osmii,TX,Híbrido,Jornada completa,Intermedio,M,175000.0
3760243980,Data Scientist,LTIMindtree,CO,Híbrido,Jornada completa,Intermedio,L,150000.0
3760307305,Data Scientist,Solomon Page,NY,Híbrido,Jornada completa,Intermedio,L,150000.0
3760366397,Data Analyst,The Judge Group,IL,Híbrido,Jornada completa,Intermedio,L,150000.0
3760509927,Data Scientist,Trusaic,CA,Híbrido,Jornada completa,Intermedio,M,150000.0
3760771274,BI Analyst,Michael Foods,MN,Híbrido,Jornada completa,Intermedio,L,150000.0
3760808309,Data Analyst,Applus+ Laboratories,MI,Híbrido,Jornada completa,Intermedio,L,150000.0
3760968854,Data Scientist,Eli Lilly and Company,IN,Híbrido,Jornada completa,Intermedio,L,150000.0
3761064348,Data Engineer,Bridgeton Research Group LLC,CT,Híbrido,Jornada completa,Intermedio,S,150000.0
3761235441,Data Engineer,Trinus Corporation,IL,Híbrido,Jornada completa,Intermedio,M,150000.0
3761339001,Data Scientist,Visa,VA,,Prácticas,Prácticas,L,54720.0
3761366516,Data Scientist,Intuitive,CA,Híbrido,Jornada completa,Sin experiencia,L,187250.0
3761381688,Data Scientist,RealREPP,KY,Presencial,Jornada completa,Algo de responsabilidad,M,80000.0
3761455827,Data Scientist,Spartan Technologies,NY,Presencial,Jornada completa,Algo de responsabilidad,M,80000.0
3761485735,Data Scientist,Intelletec,NY,Híbrido,Jornada completa,Intermedio,M,155000.0
3761488825,Data Scientist,Intelletec,Estados Unidos,Híbrido,Jornada completa,Intermedio,M,155000.0
3761496049,Data Scientist,"HireStarter, Inc.",TX,Híbrido,Jornada completa,Intermedio,S,155000.0
3761496382,Data Analyst,Integrated Healthcare Association,CA,Híbrido,Jornada completa,Intermedio,M,155000.0
3761702889,Data Engineer,Agile Global Solutions LLC,VA,Híbrido,Jornada completa,Intermedio,S,155000.0
3761783642,Machine Learning Engineer,"Enterprise Minds, Inc",CA,Híbrido,Jornada completa,Intermedio,L,155000.0
3761812975,Data Analyst,Sedgwick,MN,Híbrido,Jornada completa,Intermedio,L,155000.0
3761812984,Data Analyst,Sedgwick,MI,Híbrido,Jornada completa,Intermedio,L,155000.0
3761813845,Data Analyst,Sedgwick,LA,Híbrido,Jornada completa,Intermedio,L,155000.0
3761814697,Data Analyst,Sedgwick,FL,Híbrido,Jornada completa,Intermedio,L,155000.0
3761814698,Data Analyst,Sedgwick,MD,Híbrido,Jornada completa,Intermedio,L,155000.0
3761815620,Data Analyst,Sedgwick,AZ,Híbrido,Jornada completa,Intermedio,L,155000.0
3761816473,Data Analyst,Sedgwick,NV,Híbrido,Jornada completa,Intermedio,L,155000.0
3761816477,Data Analyst,Sedgwick,OR,Híbrido,Jornada completa,Intermedio,L,155000.0
3761817378,Data Analyst,Sedgwick,OK,Híbrido,Jornada completa,Intermedio,L,155000.0
3761817379,Data Analyst,Sedgwick,GA,Híbrido,Jornada completa,Intermedio,L,155000.0
3761818335,Data Analyst,Sedgwick,UT,Híbrido,Jornada completa,Intermedio,L,155000.0
3761832322,Machine Learning Engineer,Walmart,CA,Híbrido,Jornada completa,Intermedio,L,180000.0
3761843741,Research Engineer,Future House,CA,Híbrido,Jornada completa,Intermedio,S,180000.0
3761926222,Data Analyst,Hexaware Technologies,VA,Híbrido,Jornada completa,Intermedio,L,180000.0
3762242381,Data Scientist,Probar Premium gratis,IL,Híbrido,Jornada completa,Intermedio,,180000.0
3762242406,Data Analyst,Probar Premium gratis,IL,Híbrido,Jornada completa,Intermedio,,180000.0
3762333316,Machine Learning Engineer,"CARIAD, Inc.",CA,Híbrido,Jornada completa,Intermedio,L,180000.0
3762359632,Data Scientist,Cencora,PA,Híbrido,Jornada completa,Intermedio,L,180000.0
3762499594,Machine Learning Engineer,Russell Tobin,CA,Presencial,Contrato por obra,Intermedio,L,182400.0
3762618087,Data Analyst,PhoenixTeam,Estados Unidos,En remoto,Jornada completa,Algo de responsabilidad,M,100000.0
3762625349,Data Engineer,LOGIXtech Solutions LLC,Estados Unidos,En remoto,Jornada completa,Algo de responsabilidad,M,100000.0
3762630876,Machine Learning Engineer,TikTok,CA,En remoto,Jornada completa,Algo de responsabilidad,L,100000.0
3762639993,Data Scientist,InvestM Technology LLC,Estados Unidos,En remoto,Jornada completa,Algo de responsabilidad,M,100000.0
3762652378,Data Scientist,Lawrence Harvey,MA,Híbrido,Jornada completa,Intermedio,M,160000.0
3762670467,Data Scientist,"Client Resources, Inc.",Estados Unidos,Híbrido,Jornada completa,Intermedio,M,160000.0
3762678222,Data Scientist,ProFocus Technology,OR,Híbrido,Jornada completa,Intermedio,M,160000.0
3762679131,Data Analyst,Elder Research,VA,Híbrido,Jornada completa,Intermedio,M,160000.0
3762680165,Data Analyst,Elder Research,CO,Híbrido,Jornada completa,Intermedio,M,160000.0
3762683180,Data Scientist,Figma,CA,Híbrido,Jornada completa,Intermedio,L,160000.0
3762687470,Data Scientist,Acunor,NY,Híbrido,Jornada completa,Intermedio,M,160000.0
3762691818,Machine Learning Engineer,Selby Jennings,TX,Presencial,Jornada completa,Intermedio,L,550000.0
3762746288,Data Engineer,Agile Global Solutions LLC,VA,Presencial,Jornada completa,Intermedio,S,550000.0
3762760249,Data Scientist,Perry Homes,TX,Presencial,Jornada completa,Intermedio,L,550000.0
3762771700,Data Scientist,Premier Group Recruitment,MA,Híbrido,Jornada completa,Intermedio,M,152500.0
3762801435,Data Engineer,Steneral Consulting,OH,Híbrido,Jornada completa,Intermedio,M,152500.0
3763336632,Data Scientist,CVS Health,NY,Presencial,Jornada completa,Sin experiencia,L,121750.0
3763368818,Data Engineer,MidAmerican Energy Company,IA,Presencial,Jornada completa,Intermedio,L,103000.0
3763391642,Data Scientist,Brooksource,NJ,En remoto,Contrato por obra,Intermedio,L,102720.0
3763529974,Data Engineer,Accroid Inc,OH,En remoto,Contrato por obra,Intermedio,M,102720.0
3763531584,Data Engineer,Steneral Consulting,OH,En remoto,Contrato por obra,Intermedio,M,102720.0
3763551871,Data Engineer,Mastech Digital,CA,En remoto,Contrato por obra,Intermedio,L,124800.0
3763820730,Data Analyst,Brooksource,NJ,Híbrido,Jornada completa,Algo de responsabilidad,L,62500.0
3763903935,Data Scientist,CyberCoders,TX,Presencial,Jornada completa,Prácticas,L,77500.0
3763906113,Data Analyst,US Tech Solutions,IL,Presencial,Jornada completa,Prácticas,L,77500.0
3764173559,Data Engineer,Steneral Consulting,OH,Presencial,Jornada completa,Prácticas,M,77500.0
3764175513,Data Engineer,"Cape Henry Associates, Acquired by JANUS Research Group",VA,Presencial,Jornada completa,Sin experiencia,L,105000.0
3764327708,Machine Learning Engineer,Presage Technologies,VA,Presencial,Jornada completa,Sin experiencia,M,105000.0
3764334478,Machine Learning Engineer,Intelletec,CA,Presencial,Jornada completa,Sin experiencia,M,105000.0
3764401764,Data Analyst,Femwell Group Health,FL,Presencial,Jornada completa,Sin experiencia,M,105000.0
3764508755,Data Engineer,Spanco Solutions,GA,Presencial,Jornada completa,Sin experiencia,M,105000.0
3764559607,Data Scientist,Apexon,MI,Presencial,Jornada completa,Sin experiencia,L,105000.0
3764639688,Data Analyst,Wimmer Solutions,WA,Presencial,Contrato por obra,Intermedio,L,66240.0
3764675617,Data Scientist,Eli Lilly and Company,IN,Presencial,Contrato por obra,Intermedio,L,66240.0
3764678740,Data Engineer,"Hydrow, Inc.",MA,Presencial,Contrato por obra,Intermedio,M,66240.0
3764684840,Data Scientist,Ancestry,UT,Presencial,Prácticas,Prácticas,L,
3764690025,Machine Learning Engineer,Ancestry,UT,Presencial,Prácticas,Prácticas,L,
3764752491,Machine Learning Engineer,Ancestry,UT,Presencial,Prácticas,Prácticas,L,
3764783034,Data Engineer,MindPal,UT,Presencial,Prácticas,Prácticas,M,
3764783040,Data Engineer,MindPal,AZ,Presencial,Prácticas,Prácticas,M,
3764827498,Data Analyst,HP,WA,Híbrido,Jornada completa,Prácticas,L,52800.0
3764900960,Data Engineer,TikTok,WA,Híbrido,Jornada completa,Prácticas,L,52800.0
3764903612,Data Engineer,TikTok,CA,Híbrido,Jornada completa,Prácticas,L,52800.0
3764909386,Data Engineer,TikTok,CA,Híbrido,Jornada completa,Prácticas,L,52800.0
3765016914,Data Analyst,Electrify America,VA,Híbrido,Jornada completa,Prácticas,M,52800.0
3765031597,Machine Learning Engineer,Quantiphi,Estados Unidos,Híbrido,Jornada completa,Prácticas,L,52800.0
3765083210,Data Engineer,HireKeyz Inc,TX,Híbrido,Jornada completa,Prácticas,M,52800.0
3765095791,Data Analyst,SynergisticIT,KY,En remoto,Jornada completa,Sin experiencia,L,97500.0
3765207014,Data Engineer,Probar Premium gratis,NY,En remoto,Jornada completa,Sin experiencia,,97500.0
3765320598,Data Engineer,SMX,VA,Presencial,Prácticas,Prácticas,L,
3765346803,Data Analyst,Conexess Group,MO,Presencial,Prácticas,Prácticas,M,
3765377389,Data Analyst,National Life Group,VT,Presencial,Prácticas,Prácticas,L,
3765388640,Machine Learning Engineer,ASICSoft,NY,Híbrido,Jornada completa,Intermedio,M,275000.0
3765439827,Data Scientist,Medix Technology,Estados Unidos,En remoto,Contrato por obra,Intermedio,L,148800.0
3765441997,Machine Learning Engineer,ASK Consulting,WA,En remoto,Contrato por obra,Intermedio,L,148800.0
3765446667,Data Scientist,Synechron,TX,En remoto,Contrato por obra,Intermedio,L,148800.0
3765447371,Data Scientist,Medix™,IL,En remoto,Contrato por obra,Intermedio,L,72500.0
3765447906,Machine Learning Engineer,EVONA,CA,En remoto,Contrato por obra,Intermedio,M,72500.0
3765449491,Data Scientist,"InVitro Cell Research, LLC",NY,Presencial,Jornada completa,Sin experiencia,M,77500.0
3765470638,Data Analyst,Avani Tech Solutions Private Limited,NY,Presencial,Contrato por obra,Algo de responsabilidad,M,110400.0
3765481174,Data Analyst,The Society of St. Vincent de Paul - Phoenix,AZ,Presencial,Contrato por obra,Algo de responsabilidad,M,110400.0
3765737325,Machine Learning Engineer,Wipro,WA,Presencial,Contrato por obra,Algo de responsabilidad,L,110400.0
3765771824,Deep Learning Engineer,Stealth Startup,Estados Unidos,Presencial,Contrato por obra,Algo de responsabilidad,M,110400.0
3766016312,Machine Learning Engineer,Brookwood Search & Selection,MA,Híbrido,Jornada completa,Intermedio,M,160000.0
3766041063,Data Engineer,Raas Infotek,"· Illinois, Estados Unidos",Híbrido,Jornada completa,Intermedio,L,160000.0
3766061073,Data Scientist,Hunter Bond,TX,Híbrido,Jornada completa,Intermedio,M,140000.0
3766084880,Machine Learning Engineer,TechOne Search,NY,Híbrido,Jornada completa,Intermedio,S,400000.0
3766124706,Machine Learning Engineer,Apollo Solutions,NY,En remoto,Jornada completa,Intermedio,M,200000.0
3766280936,Business Analyst,Get It Recruit - Finance,CA,En remoto,Prácticas,Prácticas,S,
3766307070,Data Engineer,Tier4 Group,UT,En remoto,Prácticas,Prácticas,M,
3766329541,Data Engineer,Micron Technology,ID,En remoto,Prácticas,Prácticas,M,
3766365256,Data Analyst,Linksys,CA,Híbrido,Prácticas,Prácticas,L,49920.0
3766545952,Data Scientist,Asana,CA,Híbrido,Jornada completa,Intermedio,L,214500.0
3766632486,Data Analyst,The Walt Disney Company,FL,Híbrido,Jornada completa,Intermedio,L,214500.0
3766662568,Data Engineer,Accroid Inc,MN,Híbrido,Media jornada,Prácticas,M,
3766669042,Data Analyst,"Astir IT Solutions, Inc.",Estados Unidos,Híbrido,Media jornada,Prácticas,L,
3766682212,Data Engineer,DeRisk Technologies,WA,Híbrido,Media jornada,Prácticas,L,
3766684315,Data Engineer,DeRisk Technologies,CA,Híbrido,Media jornada,Prácticas,L,
3766684640,Data Engineer,DeRisk Technologies,MO,Híbrido,Media jornada,Prácticas,L,
3766685481,Data Engineer,DeRisk Technologies,OR,Híbrido,Media jornada,Prácticas,L,
3766728302,Data Engineer,Otter Products,CO,En remoto,Jornada completa,Sin experiencia,L,105000.0
3766786357,Business Analyst,Wayfair,MA,En remoto,Jornada completa,Sin experiencia,L,105000.0
3766802812,Data Analyst,WinMax,CA,Presencial,Contrato por obra,Algo de responsabilidad,M,118080.0
3766845834,Data Analyst,SynergisticIT,CT,En remoto,Jornada completa,Sin experiencia,L,99000.0
3766847287,Data Analyst,SynergisticIT,KS,En remoto,Jornada completa,Sin experiencia,L,99000.0
3766858646,Machine Learning Engineer,Durlston Partners,NY,Presencial,Jornada completa,Director,M,300000.0
3766873021,Machine Learning Engineer,Path Robotics,OH,Presencial,Jornada completa,Director,L,300000.0
3766876251,Data Analyst,Spectrum,MO,,Prácticas,Prácticas,L,
3766891845,Data Analyst,Ad hoc Research,MD,,Prácticas,Prácticas,M,
3766971083,Data Analyst,Catapult Solutions Group,TX,Presencial,Jornada completa,Algo de responsabilidad,L,107500.0
3766990842,Machine Learning Engineer,Talener,IL,En remoto,Jornada completa,Algo de responsabilidad,M,145000.0
3767004978,Data Analyst,"IDR, Inc.",TN,En remoto,Jornada completa,Algo de responsabilidad,L,145000.0
3767043005,Data Analyst,Inceed,MO,Presencial,Contrato por obra,Sin experiencia,M,105600.0
3767061172,Data Analyst,Lockheed Martin,NJ,Presencial,Contrato por obra,Sin experiencia,L,105600.0
3767149472,Machine Learning Engineer,Grindr,IL,Híbrido,Jornada completa,Sin experiencia,M,175000.0
3767183798,Data Analyst,City of Philadelphia,PA,Híbrido,Jornada completa,Intermedio,L,62500.0
3767189280,Data Engineer,"GEI Consultants, Inc.",NY,Híbrido,Jornada completa,Intermedio,L,62500.0
3767237081,Machine Learning Engineer,Cordial,CA,Híbrido,Jornada completa,Intermedio,M,62500.0
3767322672,Data Analyst,NYC Department of Finance,NY,Híbrido,Jornada completa,Intermedio,L,62500.0
3767408820,Data Engineer,Bamboo Solutions,WA,Híbrido,Jornada completa,Intermedio,M,62500.0
3767466154,Data Analyst,WayUp,CA,Presencial,Prácticas,Prácticas,M,96000.0
3767516429,Data Scientist,iHeartMedia,TX,Presencial,Prácticas,Prácticas,L,96000.0
3767591534,Data Analyst,SynergisticIT,WA,Presencial,Prácticas,Prácticas,L,96000.0
3767591640,Data Analyst,SynergisticIT,NJ,Presencial,Prácticas,Prácticas,L,96000.0
3767595033,Data Analyst,SynergisticIT,IL,Presencial,Prácticas,Prácticas,L,96000.0
3767598563,Data Analyst,SynergisticIT,CA,Presencial,Prácticas,Prácticas,L,96000.0
3767871219,Data Scientist,Braintrust,Estados Unidos,En remoto,Media jornada,Sin experiencia,M,
3767904243,Data Engineer,Order.co,NY,En remoto,Media jornada,Sin experiencia,M,
3767969813,Machine Learning Engineer,Durlston Partners,NY,En remoto,Media jornada,Sin experiencia,M,
3767972490,Deep Learning Engineer,Stealth,Estados Unidos,En remoto,Media jornada,Sin experiencia,S,
3768034086,Data Analyst,Skiltrek,CA,En remoto,Media jornada,Sin experiencia,M,
3768041195,Data Engineer,eTeam,NC,Presencial,Contrato por obra,Sin experiencia,L,100800.0
3768140145,Machine Learning Engineer,X4 Technology,TX,Híbrido,Jornada completa,Intermedio,M,175000.0
3768173336,Data Analyst,"Digital Enterprise Solutions, Inc. (DESI)",MD,Híbrido,Jornada completa,Intermedio,M,175000.0
3768244361,Data Engineer,XCUTIVES Inc.,FL,Híbrido,Jornada completa,Intermedio,M,175000.0
3768300248,Data Analyst,Accroid Inc,VA,Presencial,Prácticas,Prácticas,M,
3768308901,Data Analyst,FundamentalVR,OH,Presencial,Prácticas,Prácticas,M,
3768359563,Data Scientist,Inceed,OK,Presencial,Jornada completa,Sin experiencia,M,75000.0
3768429642,Data Scientist,Selby Jennings,OH,Presencial,Jornada completa,Sin experiencia,L,75000.0
3768683365,AI Engineer,KLA,CA,Híbrido,Prácticas,Prácticas,L,33600.0
3768703724,Data Scientist,Lumen Solutions Group Inc.,Estados Unidos,Híbrido,Prácticas,Prácticas,M,33600.0
3768708131,Data Engineer,EmpiRx Health,FL,Híbrido,Prácticas,Prácticas,L,33600.0
3768719765,Data Analyst,Seneca Resources,Estados Unidos,En remoto,Contrato por obra,Intermedio,L,75000.0
3768734796,Data Engineer,SQUAD Techlab,CA,En remoto,Contrato por obra,Intermedio,S,75000.0
3768735710,BI Engineer,Amazon,WA,En remoto,Contrato por obra,Intermedio,L,75000.0
3768737556,BI Engineer,Amazon,WA,En remoto,Contrato por obra,Intermedio,L,75000.0
3768799425,Data Engineer,"Metasys Technologies, Inc.",MO,Presencial,Contrato por obra,Sin experiencia,L,87360.0
3768824498,Data Engineer,Jefferson Frank,WI,Presencial,Contrato por obra,Sin experiencia,L,87360.0
3768901276,Data Engineer,Deseret First Credit Union,UT,Presencial,Contrato por obra,Sin experiencia,M,87360.0
3769005785,Data Scientist,"Yoh, A Day & Zimmermann Company",NY,Presencial,Contrato por obra,Sin experiencia,L,87360.0
3769008567,Data Analyst,ATC,CA,Presencial,Contrato por obra,Sin experiencia,M,87360.0
3769019542,Machine Learning Engineer,Kforce Inc,TX,Presencial,Contrato por obra,Sin experiencia,L,87360.0
3769027746,Machine Learning Engineer,"Pegasus Knowledge Solutions, Inc.",PA,Presencial,Contrato por obra,Sin experiencia,L,87360.0
3769027748,Data Scientist,Convergenz,MD,Presencial,Contrato por obra,Sin experiencia,L,87360.0
3769030990,Data Engineer,Validate Health,Estados Unidos,Presencial,Contrato por obra,Sin experiencia,M,87360.0
3769052423,Data Scientist,Sud Recruiting,Estados Unidos,En remoto,Jornada completa,Intermedio,S,110000.0
3769068687,Data Engineer,Genzeon,PA,En remoto,Jornada completa,Intermedio,L,110000.0
3769081822,Data Scientist,TechWish,WA,En remoto,Jornada completa,Intermedio,L,110000.0
3769263365,Machine Learning Engineer,Acceler8 Talent,Estados Unidos,En remoto,Jornada completa,Intermedio,M,110000.0
3769296656,Data Scientist,Scipher Medicine,MA,En remoto,Jornada completa,Intermedio,M,110000.0
3769408548,Data Analyst,TEKsystems,HI,En remoto,Jornada completa,Intermedio,L,110000.0
3769536108,Machine Learning Engineer,Insight Global,Estados Unidos,En remoto,Jornada completa,Intermedio,L,182400.0
3769541895,Data Scientist,Ascendion,Estados Unidos,En remoto,Contrato por obra,Intermedio,L,149500.0
3769543502,Data Scientist,"Integrated Resources, Inc ( IRI )",IA,En remoto,Contrato por obra,Intermedio,L,149500.0
3769551563,Data Scientist,VLink Inc,MD,En remoto,Contrato por obra,Intermedio,L,149500.0
3769560517,Data Engineer,Photon,TX,En remoto,Contrato por obra,Intermedio,L,149500.0
3769574768,Data Scientist,Lawrence Harvey,WA,Híbrido,Jornada completa,Algo de responsabilidad,M,135000.0
3769582747,Data Scientist,Kelly,CA,Híbrido,Jornada completa,Algo de responsabilidad,L,135000.0
3769589652,Data Scientist,Apex Systems,Estados Unidos,En remoto,Contrato por obra,Intermedio,L,129600.0
3769590260,Data Scientist,BrickRed Systems,Estados Unidos,En remoto,Contrato por obra,Intermedio,L,129600.0
3769880107,Data Engineer,"University of California, Riverside",CA,En remoto,Jornada completa,Intermedio,L,74668.0
3770027863,Data Analyst,"Health Innovations, LLC",Estados Unidos,En remoto,Jornada completa,Intermedio,S,74668.0
3770041073,Data Engineer,NBC Sports Next,MN,En remoto,Jornada completa,Intermedio,L,74668.0
3770128705,Data Engineer,Diverse Lynx,TX,Presencial,Prácticas,Prácticas,L,52800.0
3770129676,Data Analyst,TEKFORTUNE INC,NJ,Presencial,Prácticas,Prácticas,M,52800.0
3770130525,Machine Learning Engineer,"BYTE Systems, LLC",VA,Presencial,Prácticas,Prácticas,M,52800.0
3770133232,Data Engineer,Indus Valley Consultants,OH,Presencial,Prácticas,Prácticas,M,52800.0
3770133308,Data Analyst,"Employnet, Inc.",PA,Presencial,Prácticas,Prácticas,L,52800.0
3770133317,Data Engineer,The Fountain Group,CA,Presencial,Prácticas,Prácticas,L,52800.0
3770145517,Data Analyst,Infinite Computer Solutions,TX,Presencial,Prácticas,Prácticas,L,52800.0
3770145685,Data Engineer,Nuvento Inc,Estados Unidos,Presencial,Prácticas,Prácticas,L,52800.0
3770145747,Data Scientist,"Surya Systems, Inc",CA,Presencial,Prácticas,Prácticas,M,52800.0
3770146709,Data Analyst,Visionaire Partners,Estados Unidos,En remoto,Jornada completa,Intermedio,M,100000.0
3770146987,Data Engineer,FinThrive,Estados Unidos,En remoto,Jornada completa,Intermedio,L,150000.0
3770147561,Data Analyst,Acro Service Corp,IA,Presencial,Contrato por obra,Sin experiencia,L,41280.0
3770148939,Machine Learning Engineer,Smart IT Frame LLC,TX,Presencial,Contrato por obra,Sin experiencia,L,41280.0
3770150734,Data Engineer,"Spruce InfoTech, Inc",Estados Unidos,Presencial,Contrato por obra,Sin experiencia,L,41280.0
3770152899,Data Engineer,SAGE IT,CA,Presencial,Contrato por obra,Sin experiencia,L,41280.0
3770162803,Data Engineer,Validate Health,Estados Unidos,Presencial,Contrato por obra,Sin experiencia,M,41280.0
3770165247,Data Analyst,TEKGENCE INC,OH,Presencial,Contrato por obra,Sin experiencia,L,41280.0
3770166345,Machine Learning Engineer,ATR International,CA,Híbrido,Contrato por obra,Algo de responsabilidad,L,106560.0
3770174091,Data Analyst,Acro Service Corp,MA,Híbrido,Jornada completa,Intermedio,L,60480.0
3770178750,Data Scientist,Aditi Consulting,WA,En remoto,Jornada completa,Intermedio,L,120000.0
3770180082,Data Analyst,Insight Global,FL,Presencial,Contrato por obra,Sin experiencia,L,46080.0
3770183600,Data Engineer,Maxonic,CA,Híbrido,Contrato por obra,Sin experiencia,L,34560.0
3770187124,Data Analyst,Venusgeo Solutions,CA,Híbrido,Contrato por obra,Sin experiencia,M,34560.0
3770192444,Data Engineer,Smart IT Frame LLC,Estados Unidos,Híbrido,Contrato por obra,Sin experiencia,L,34560.0
3770198438,Data Engineer,Eliassen Group,OH,Híbrido,Contrato por obra,Intermedio,L,139200.0
3770443557,Machine Learning Engineer,TDA,NY,Híbrido,Jornada completa,Intermedio,M,135000.0
3770505264,Data Analyst,SBS Creatix,MO,Híbrido,Jornada completa,Intermedio,M,135000.0
3770507930,Machine Learning Engineer,O Group,NY,Híbrido,Jornada completa,Intermedio,S,225000.0
3770674376,Machine Learning Engineer,Selby Jennings,TX,,Media jornada,Algo de responsabilidad,L,
3770685212,Data Engineer,Pulivarthi Group (PG),Estados Unidos,,Media jornada,Algo de responsabilidad,M,
3770714218,Data Scientist,ascena,OH,,Media jornada,Algo de responsabilidad,L,
3770728439,Data Scientist,American Credit Acceptance,SC,,Media jornada,Algo de responsabilidad,L,
3770760490,Data Engineer,Nike,OR,,Media jornada,Algo de responsabilidad,L,
3770783880,Data Scientist,SoFi,FL,,Media jornada,Algo de responsabilidad,L,
3770783936,Data Scientist,SoFi,UT,,Media jornada,Algo de responsabilidad,L,
3770785618,Data Scientist,SoFi,CA,,Media jornada,Algo de responsabilidad,L,
3770786405,Data Scientist,SoFi,DE,,Media jornada,Algo de responsabilidad,L,
3770787374,Data Analyst,QinetiQ US,WA,,Media jornada,Algo de responsabilidad,L,
3770799777,Data Engineer,Captivation,MD,,Media jornada,Algo de responsabilidad,M,
3770800728,Data Analyst,Parallax,MN,,Media jornada,Algo de responsabilidad,M,
3770812581,Machine Learning Engineer,Harnham,TX,Híbrido,Jornada completa,Intermedio,L,187500.0
3770870077,Deep Learning Engineer,Stealth Startup,Estados Unidos,En remoto,Jornada completa,Prácticas,M,43100.0
3771070496,Data Analyst,Addiox Technologies LLC,WA,En remoto,Jornada completa,Prácticas,L,43100.0
3771200452,Data Scientist,Engage Partners Inc.,Estados Unidos,En remoto,Jornada completa,Intermedio,M,100000.0
3771207957,Data Scientist,PACCAR,WA,Presencial,Jornada completa,Prácticas,L,52800.0
3771328759,Data Engineer,REALLY,TX,Presencial,Jornada completa,Prácticas,M,52800.0
3771376569,Data Engineer,Jenni Kayne,CA,Híbrido,Jornada completa,Sin experiencia,M,142500.0
3771446248,Data Analyst,Robert Half,WI,Presencial,Jornada completa,Sin experiencia,L,68500.0
3771454543,Machine Learning Engineer,Tiposi,CA,Presencial,Jornada completa,Sin experiencia,M,68500.0
3771478005,Data Scientist,LinkedIn,CA,Presencial,Jornada completa,Sin experiencia,L,68500.0
3771503379,Data Analyst,"Business Plan Solutions, LLC",TX,Presencial,Jornada completa,Sin experiencia,M,68500.0
3771558712,Data Analyst,Ascendo Resources,FL,Presencial,Jornada completa,Intermedio,L,
3771636398,Data Scientist,Concero,MO,Presencial,Jornada completa,Intermedio,M,90000.0
3772071354,Machine Learning Engineer,Presage Technologies,CA,En remoto,Jornada completa,Director,M,350000.0
3772200443,Data Analyst,MATRIX Resources,NY,Híbrido,Contrato por obra,Intermedio,S,151680.0
3772207662,Data Scientist,Russell Tobin,CA,Presencial,Contrato por obra,Sin experiencia,L,108480.0
3772209089,Data Scientist,Walmart,TX,Presencial,Contrato por obra,Sin experiencia,L,108480.0
3772209411,Data Engineer,InvestM Technology LLC,NY,Presencial,Contrato por obra,Sin experiencia,M,108480.0
3772213041,Data Engineer,VHL Technologies Inc,IL,Presencial,Contrato por obra,Sin experiencia,M,108480.0
3772218297,Machine Learning Engineer,AllSTEM Connections,CA,Presencial,Contrato por obra,Sin experiencia,L,108480.0
3772218751,Data Engineer,Smart IT Frame LLC,Estados Unidos,Presencial,Contrato por obra,Sin experiencia,L,108480.0
3772219353,Data Engineer,Smart IT Frame LLC,Estados Unidos,En remoto,Jornada completa,Intermedio,L,184500.0
3772235483,Research Engineer,Lawrence Harvey,NY,En remoto,Jornada completa,Intermedio,M,184500.0
3772460738,Data Scientist,E-Frontiers,NY,En remoto,Jornada completa,Intermedio,M,184500.0
3772495547,Deep Learning Engineer,Metric Search,CA,Presencial,Jornada completa,Algo de responsabilidad,M,185000.0
3772664388,Data Engineer,Crew,MN,Híbrido,Contrato por obra,Sin experiencia,L,67500.0
3772689030,Data Analyst,"Ryder System, Inc.",TX,Híbrido,Contrato por obra,Sin experiencia,L,67500.0
3772699443,Data Analyst,Crossover,VA,En remoto,Jornada completa,Algo de responsabilidad,L,57600.0
3772699484,Data Scientist,Crossover,WA,En remoto,Jornada completa,Algo de responsabilidad,L,57600.0
3772699578,Data Analyst,Crossover,NY,En remoto,Jornada completa,Algo de responsabilidad,L,57600.0
3772877944,Data Analyst,Connexus® Energy,MN,En remoto,Jornada completa,Algo de responsabilidad,L,57600.0
3772900467,Data Scientist,Crossover,TX,En remoto,Jornada completa,Algo de responsabilidad,L,57600.0
3772900536,Data Scientist,Crossover,WA,En remoto,Jornada completa,Algo de responsabilidad,L,57600.0
3772901664,Data Analyst,Crossover,TX,En remoto,Jornada completa,Algo de responsabilidad,L,57600.0
3772902412,Data Analyst,Crossover,TX,En remoto,Jornada completa,Algo de responsabilidad,L,57600.0
3772902431,Data Analyst,Crossover,TX,En remoto,Jornada completa,Algo de responsabilidad,L,57600.0
3772904446,Data Analyst,Crossover,NC,En remoto,Jornada completa,Algo de responsabilidad,L,57600.0
3772904457,Data Analyst,Crossover,OH,En remoto,Jornada completa,Algo de responsabilidad,L,57600.0
3772904634,Data Scientist,Crossover,FL,En remoto,Jornada completa,Algo de responsabilidad,L,57600.0
3772905311,Data Analyst,Crossover,TX,En remoto,Jornada completa,Algo de responsabilidad,L,57600.0
3772906065,Data Analyst,Crossover,CT,En remoto,Jornada completa,Algo de responsabilidad,L,57600.0
3772952533,Machine Learning Engineer,7-Eleven,TX,En remoto,Jornada completa,Algo de responsabilidad,L,57600.0
3772973391,Data Analyst,DART (Dallas Area Rapid Transit),TX,En remoto,Jornada completa,Algo de responsabilidad,L,57600.0
3772976776,Data Engineer,HP,TX,En remoto,Jornada completa,Algo de responsabilidad,L,57600.0
3772986290,Data Engineer,"Ibotta, Inc.",CO,En remoto,Jornada completa,Algo de responsabilidad,L,57600.0
3772988607,Data Engineer,Jobot,NY,Presencial,Jornada completa,Sin experiencia,L,87500.0
3773281076,Business Analyst,Qualer Asset Management,CA,Presencial,Jornada completa,Sin experiencia,M,87500.0
3773304594,Deep Learning Engineer,Stealth,FL,Presencial,Jornada completa,Ejecutivo,S,500000.0
3773332481,Data Engineer,AMEND Consulting,OH,Presencial,Jornada completa,Ejecutivo,M,500000.0
3773345674,Data Scientist,Selby Jennings,NY,Híbrido,Jornada completa,Intermedio,L,160000.0
3773347011,Data Scientist,Paycom,OK,Híbrido,Jornada completa,Intermedio,L,160000.0
3773356872,Data Scientist,Quest Diagnostics,PA,,Prácticas,Prácticas,L,38400.0
3773392703,Data Scientist,Charter Global,VA,Híbrido,Contrato por obra,Intermedio,L,158400.0
3773397379,Data Scientist,Charter Global,VA,En remoto,Contrato por obra,Intermedio,L,148800.0
3773397795,Data Analyst,Promise,VA,En remoto,Contrato por obra,Intermedio,M,148800.0
3773408834,Data Analyst,Ecclesiastes Inc,DE,Presencial,Media jornada,Sin experiencia,M,
3773701207,Data Engineer,New Era Technology,OH,Presencial,Contrato por obra,Intermedio,L,144000.0
3773801014,Data Scientist,Sky Consulting Inc.,Estados Unidos,Presencial,Contrato por obra,Intermedio,M,144000.0
3773802052,Data Analyst,Promise,CA,Presencial,Contrato por obra,Intermedio,M,144000.0
3773873837,BI Analyst,United States Marshals Service,Estados Unidos,En remoto,Jornada completa,Intermedio,L,97227.0
3773889315,Data Scientist,Confluent,Estados Unidos,En remoto,Jornada completa,Sin experiencia,L,141800.0
3773892164,Data Analyst,Harris County,TX,En remoto,Jornada completa,Sin experiencia,L,141800.0
3773894886,Data Analyst,Centene Corporation,MO,En remoto,Jornada completa,Sin experiencia,L,141800.0
3773894894,Data Analyst,Centene Corporation,DE,En remoto,Jornada completa,Sin experiencia,L,141800.0
3773894895,Data Analyst,Centene Corporation,HI,En remoto,Jornada completa,Sin experiencia,L,141800.0
3773894910,Data Analyst,Centene Corporation,OH,En remoto,Jornada completa,Sin experiencia,L,141800.0
3773895764,Data Analyst,Centene Corporation,MD,En remoto,Jornada completa,Sin experiencia,L,141800.0
3773895766,Data Analyst,Centene Corporation,AR,En remoto,Jornada completa,Sin experiencia,L,141800.0
3773895777,Data Analyst,Centene Corporation,OK,En remoto,Jornada completa,Sin experiencia,L,141800.0
3773895778,Data Analyst,Centene Corporation,IA,En remoto,Jornada completa,Sin experiencia,L,141800.0
3773896650,Data Analyst,Centene Corporation,WA,En remoto,Jornada completa,Sin experiencia,L,141800.0
3773896654,Data Analyst,Centene Corporation,KY,En remoto,Jornada completa,Sin experiencia,L,141800.0
3773897548,Data Analyst,Centene Corporation,RI,En remoto,Jornada completa,Sin experiencia,L,141800.0
3773898388,Data Analyst,Centene Corporation,NM,En remoto,Jornada completa,Sin experiencia,L,141800.0
3773899223,Data Analyst,Centene Corporation,NH,En remoto,Jornada completa,Sin experiencia,L,141800.0
3773899226,Data Analyst,Centene Corporation,FL,En remoto,Jornada completa,Sin experiencia,L,141800.0
3773899227,Data Analyst,Centene Corporation,Estados Unidos,En remoto,Jornada completa,Sin experiencia,L,141800.0
3773899229,Data Analyst,Centene Corporation,NC,En remoto,Jornada completa,Sin experiencia,L,141800.0
3773899237,Data Analyst,Centene Corporation,IN,En remoto,Jornada completa,Sin experiencia,L,141800.0
3774001137,Data Analyst,Centene Corporation,WA,En remoto,Jornada completa,Sin experiencia,L,141800.0
3774001139,Data Analyst,Centene Corporation,TN,En remoto,Jornada completa,Sin experiencia,L,141800.0
3774010984,Data Scientist,Brooksource,MO,Híbrido,Contrato por obra,Algo de responsabilidad,L,99840.0
3774489128,Data Analyst,City of Corona,CA,Presencial,Media jornada,Sin experiencia,L,
3774582167,Machine Learning Engineer,TransRe,NY,Híbrido,Jornada completa,Algo de responsabilidad,L,112500.0
3774662625,Data Scientist,UST,WA,Híbrido,Jornada completa,Algo de responsabilidad,L,112500.0
3774685566,Data Engineer,SnapX.ai,CA,Híbrido,Jornada completa,Algo de responsabilidad,S,112500.0
3774713473,Machine Learning Engineer,EVONA,CA,Híbrido,Jornada completa,Algo de responsabilidad,M,112500.0
3774714235,Machine Learning Engineer,EVONA,CA,Híbrido,Jornada completa,Algo de responsabilidad,M,112500.0
3774728787,Machine Learning Engineer,Selby Jennings,TX,Presencial,Jornada completa,Intermedio,L,550000.0
3774795876,Data Analyst,ASK Consulting,CA,Presencial,Contrato por obra,Intermedio,L,72556.0
3774920311,Data Scientist,Netflix,Estados Unidos,Presencial,Contrato por obra,Intermedio,L,72556.0
3774930047,Data Analyst,Skillable,TX,Presencial,Contrato por obra,Intermedio,M,72556.0
3774942158,Data Analyst,Cintas,OH,Presencial,Contrato por obra,Intermedio,L,72556.0
3774996585,Data Engineer,MRINetwork,NY,Presencial,Contrato por obra,Intermedio,L,72556.0
3774998672,Data Engineer,Cencora,CA,Presencial,Contrato por obra,Intermedio,L,72556.0
3775000571,Data Scientist,ASK Consulting,Estados Unidos,Presencial,Contrato por obra,Intermedio,L,72556.0
3775087920,Data Scientist,Incedo Inc.,NJ,Presencial,Contrato por obra,Intermedio,L,72556.0
3775180566,Data Analyst,University of Washington,WA,Presencial,Jornada completa,Intermedio,L,87504.0
3775200323,Data Analyst,Probar Premium gratis,MA,En remoto,Media jornada,,,72000.0
3775282896,Data Analyst,Dice,Estados Unidos,En remoto,Media jornada,,L,72000.0
3775315412,Data Analyst,Stewart Title,CA,En remoto,Media jornada,,L,72000.0
3775320820,AI Engineer,Jobot,CA,En remoto,Jornada completa,Sin experiencia,L,125000.0
3775344778,Data Engineer,NR Consulting,VA,En remoto,Jornada completa,Sin experiencia,L,125000.0
3775377578,Machine Learning Engineer,Jobot,NY,Presencial,Jornada completa,Intermedio,L,150000.0
3775379184,Data Scientist,Jobot,VA,Presencial,Jornada completa,Sin experiencia,L,165000.0
3775379314,Machine Learning Engineer,Jobot,CA,Presencial,Jornada completa,Intermedio,L,150000.0
3775380277,Machine Learning Engineer,Jobot,IL,Presencial,Jornada completa,Intermedio,L,150000.0
3775534052,Data Analyst,TELUS International,TN,En remoto,Media jornada,Sin experiencia,L,
3775544447,Data Scientist,TechStar Group,WA,En remoto,Media jornada,Sin experiencia,L,
3775558041,Data Analyst,Fountain,Estados Unidos,En remoto,Media jornada,Sin experiencia,L,
3775569518,Data Analyst,MISUMI,IL,En remoto,Media jornada,Sin experiencia,L,
3775571476,Data Scientist,BrickRed Systems,Estados Unidos,En remoto,Contrato por obra,Intermedio,L,134400.0
3775580148,Data Analyst,"ISC (Integrated Specialty Coverages, LLC)",Estados Unidos,En remoto,Jornada completa,Algo de responsabilidad,L,107500.0
3775610628,Data Engineer,Accenture,FL,En remoto,Jornada completa,Algo de responsabilidad,L,107500.0
3775617153,Data Analyst,Facebook,NY,En remoto,Contrato por obra,Sin experiencia,L,42240.0
3775623213,Data Analyst,Coders Data,TX,En remoto,Contrato por obra,Sin experiencia,L,42240.0
3775633946,Data Scientist,HustleWing - Side hustles for professionals,Estados Unidos,En remoto,Media jornada,Algo de responsabilidad,S,
3775644206,Data Analyst,Suffolk Construction,MA,En remoto,Media jornada,Algo de responsabilidad,L,
3775646864,Data Engineer,Avenue Code,Estados Unidos,En remoto,Media jornada,Algo de responsabilidad,L,
3775683541,Data Scientist,goop,CA,En remoto,Media jornada,Algo de responsabilidad,L,
3775683819,Data Engineer,Ford Motor Company,Estados Unidos,En remoto,Media jornada,Algo de responsabilidad,L,
3775694972,Data Scientist,Vertisystem,CA,En remoto,Contrato por obra,Intermedio,L,163200.0
3775706545,Machine Learning Engineer,PRIMUS Global Technologies Pvt Ltd,Estados Unidos,En remoto,Contrato por obra,Intermedio,L,163200.0
3775709388,Machine Learning Engineer,"Conch Technologies, Inc",AZ,En remoto,Contrato por obra,Intermedio,M,163200.0
3775710758,Data Engineer,"Tanisha Systems, Inc",Estados Unidos,En remoto,Contrato por obra,Intermedio,L,163200.0
3775722093,Data Analyst,Headway Tek Inc,CA,En remoto,Contrato por obra,Intermedio,M,163200.0
3775732309,Data Engineer,TekisHub Consulting Services,TX,En remoto,Contrato por obra,Intermedio,L,163200.0
3775780334,Machine Learning Engineer,EVONA,CA,Híbrido,Jornada completa,Intermedio,M,167500.0
3775811551,Data Scientist,Netflix,CA,Híbrido,Jornada completa,Intermedio,L,167500.0
3775816825,AI Engineer,Braintrust,Estados Unidos,En remoto,Jornada completa,Sin experiencia,M,48000.0
3775819495,Data Scientist,"Reddit, Inc.",Estados Unidos,En remoto,Jornada completa,Sin experiencia,L,247750.0
3775821533,Machine Learning Engineer,Conexess Group,MO,En remoto,Jornada completa,Sin experiencia,M,247750.0
3775831666,Machine Learning Engineer,Actalent,MD,En remoto,Jornada completa,Sin experiencia,L,247750.0
3775837317,Machine Learning Engineer,Actalent,MD,En remoto,Jornada completa,Sin experiencia,L,247750.0
3775841139,Machine Learning Engineer,Actalent,MD,En remoto,Jornada completa,Sin experiencia,L,247750.0
3776048945,Data Engineer,Enlighten,MD,En remoto,Jornada completa,Sin experiencia,M,247750.0
3776051330,Data Engineer,Enlighten,MD,En remoto,Jornada completa,Sin experiencia,M,247750.0
3776052372,Data Engineer,Enlighten,MD,En remoto,Jornada completa,Sin experiencia,M,247750.0
3776106564,Machine Learning Engineer,maven,IL,En remoto,Jornada completa,Sin experiencia,M,247750.0
3776135093,Machine Learning Engineer,Optimal EV,MI,En remoto,Jornada completa,Sin experiencia,L,247750.0
3776139205,Machine Learning Engineer,Sourcegraph,Estados Unidos,En remoto,Jornada completa,Intermedio,M,244000.0
3776194615,Business Analyst,WayUp,IL,Presencial,Prácticas,Prácticas,M,
3776278514,Machine Learning Engineer,"UES, An Eqlipse Company",OH,Presencial,Prácticas,Prácticas,L,
3776454433,Data Analyst,Evergreen Trading,NY,Híbrido,Prácticas,Prácticas,M,45000.0
3776478425,Data Analyst,IMS Consulting & Expert Services,Estados Unidos,Híbrido,Prácticas,Prácticas,M,45000.0
3776484333,Data Engineer,Dice,OH,Híbrido,Prácticas,Prácticas,L,45000.0
3776484691,Data Engineer,Dice,FL,En remoto,Jornada completa,Sin experiencia,L,87500.0
3776484734,AI Engineer,Motion Recruitment,WA,En remoto,Jornada completa,Sin experiencia,L,87500.0
3776486316,Data Engineer,Dice,Estados Unidos,En remoto,Jornada completa,Sin experiencia,L,96000.0
3776488139,Data Scientist,Home Partners of America®,IL,En remoto,Jornada completa,Sin experiencia,L,96000.0
3776532288,Data Analyst,Stirista,TX,En remoto,Jornada completa,Intermedio,M,207125.0
3776554473,Machine Learning Engineer,CGI,VA,En remoto,Jornada completa,Intermedio,L,207125.0
3776564906,Data Engineer,Actalent,IN,En remoto,Jornada completa,Intermedio,L,207125.0
3776568347,Data Engineer,Actalent,MI,En remoto,Jornada completa,Intermedio,L,207125.0
3776574742,AI Engineer,Eazifunds,CA,En remoto,Jornada completa,Intermedio,M,207125.0
3776581899,Machine Learning Engineer,Actalent,MD,En remoto,Jornada completa,Intermedio,L,207125.0
3776584104,Machine Learning Engineer,Actalent,MD,En remoto,Jornada completa,Intermedio,L,207125.0
3776702410,Data Analyst,Ventricle Health,NC,En remoto,Jornada completa,Intermedio,M,207125.0
3776708388,Machine Learning Engineer,Leastsquare,NY,En remoto,Jornada completa,Intermedio,S,207125.0
3776746009,Data Engineer,HireMeFast LLC - Secure More Interviews & Job Offers,NY,En remoto,Jornada completa,Intermedio,M,70000.0
3776761650,Data Engineer,Matlen Silver,OH,En remoto,Jornada completa,Intermedio,L,70000.0
3776775267,Data Engineer,Quantum World Technologies Inc.,WA,En remoto,Jornada completa,Intermedio,L,70000.0
3776776616,Data Engineer,eTeam,CA,En remoto,Contrato por obra,Intermedio,L,153600.0
3776777956,Data Engineer,ArcBest Technologies,AR,En remoto,Contrato por obra,Intermedio,L,153600.0
3776781257,Machine Learning Engineer,Oakland Search,IL,En remoto,Contrato por obra,Intermedio,M,153600.0
3776784642,Data Engineer,Narvee Tech Inc,GA,En remoto,Jornada completa,Intermedio,M,160000.0
3776787440,Data Engineer,Dice,WA,En remoto,Jornada completa,Intermedio,L,160000.0
3776787677,Data Engineer,Dice,WA,En remoto,Jornada completa,Intermedio,L,160000.0
3776788269,Data Engineer,Dice,WA,En remoto,Jornada completa,Intermedio,L,160000.0
3776788618,Data Engineer,Dice,WA,En remoto,Jornada completa,Intermedio,L,160000.0
3776789138,Data Engineer,Dice,RI,En remoto,Jornada completa,Intermedio,L,160000.0
3776789246,Data Engineer,Dice,VA,En remoto,Jornada completa,Intermedio,L,160000.0
3776789386,Data Engineer,Dice,NH,En remoto,Jornada completa,Intermedio,L,160000.0
3776790266,Data Engineer,Dice,OH,En remoto,Jornada completa,Intermedio,L,160000.0
3776790808,Data Scientist,BSL Consulting,PA,En remoto,Jornada completa,Intermedio,M,160000.0
3776793170,Data Scientist,Dice,MO,En remoto,Jornada completa,Intermedio,L,160000.0
3776793228,Data Engineer,Dice,AZ,En remoto,Jornada completa,Intermedio,L,160000.0
3776795942,Data Engineer,UNCOMN,IL,En remoto,Jornada completa,Intermedio,L,160000.0
3776903158,Data Engineer,LeadStack Inc.,OH,Híbrido,Contrato por obra,Intermedio,M,124800.0
3776946154,Data Engineer,hackajob,Estados Unidos,En remoto,Jornada completa,Intermedio,M,120000.0
3776946189,Machine Learning Engineer,Marathon TS,Estados Unidos,En remoto,Jornada completa,Intermedio,M,120000.0
3776946631,Data Analyst,Compunnel Inc.,MA,En remoto,Jornada completa,Intermedio,L,120000.0
3776948509,Data Scientist,HustleWing - Side hustles for professionals,Estados Unidos,En remoto,Media jornada,Algo de responsabilidad,S,
3776952405,Data Scientist,Forsyth Barnes,Estados Unidos,En remoto,Media jornada,Algo de responsabilidad,M,
3776964034,Data Analyst,Webologix Ltd/ INC,CA,En remoto,Prácticas,Prácticas,M,
3776969904,Data Engineer,Webologix Ltd/ INC,CA,En remoto,Prácticas,Prácticas,M,
3776973020,Machine Learning Engineer,Trident Consulting,TX,En remoto,Prácticas,Prácticas,M,
3776998906,AI Engineer,Cygnus Professionals Inc.,Estados Unidos,En remoto,Prácticas,Prácticas,L,
3777104668,Data Engineer,Macrosoft,NJ,Híbrido,Contrato por obra,Intermedio,L,129600.0
3777105024,Machine Learning Engineer,Plus,CA,Híbrido,Jornada completa,Sin experiencia,L,155000.0
3777446754,Data Scientist,Pinterest,Estados Unidos,Híbrido,Jornada completa,Sin experiencia,L,155000.0
