job_id,job_title,company_name,company_state,salary_range,remote_ratio,employment_type,experience_level,company_size
3313895534,Signal Processing AI/Machine Learning Engineer,CyberCoders,"· Raleigh, NC",100.000 $/año - 150.000 $/año,Presencial,Jornada completa,Intermedio,De 201 a 500 empleados · Dotación y selección de personal
3324071738,CYBER INTEL ANALYST - PEN TESTER,KACE Company,"· Arlington, VA",100.000 $/año - 150.000 $/año,Presencial,Jornada completa,Intermedio,De 1.001 a 5.000 empleados · Consultoría y servicios a empresas
3557502669,Senior Algorithms Engineer (Image Processing),KLA,"· Ann Arbor, MI",100.000 $/año - 150.000 $/año,Presencial,Jornada completa,Intermedio,Más de 10.001 empleados · Fabricación de semiconductores
3577492525,Principal Deep Learning Engineer - Computer Vision,Roblox,"· San Mateo, CA",283.780 $/año - 331.640 $/año,Híbrido,Jornada completa,Sin experiencia,De 1.001 a 5.000 empleados · Desarrollo de software
3594987830,Data Scientist,Sandhills Global,"· Lincoln, NE",283.780 $/año - 331.640 $/año,Híbrido,Jornada completa,Sin experiencia,"De 1.001 a 5.000 empleados · Tecnología, información y medios de comunicación"
3605390007,Machine Learning Engineer,CGG,"· Houston, TX",283.780 $/año - 331.640 $/año,Híbrido,Jornada completa,Sin experiencia,"De 1.001 a 5.000 empleados · Tecnología, información e internet"
3628863888,Machine Learning Engineer,AeroVironment,"· Virginia, Estados Unidos",283.780 $/año - 331.640 $/año,Híbrido,Jornada completa,Sin experiencia,De 1.001 a 5.000 empleados · Fabricación de productos de defensa y espacio
3628866409,Machine Learning Engineer,AeroVironment,"· Minnesota, Estados Unidos",283.780 $/año - 331.640 $/año,Híbrido,Jornada completa,Sin experiencia,De 1.001 a 5.000 empleados · Fabricación de productos de defensa y espacio
3635061497,"Machine Learning Research Engineer, Generative AI",Scale AI,"· San Francisco, CA",283.780 $/año - 331.640 $/año,Híbrido,Jornada completa,Sin experiencia,De 1.001 a 5.000 empleados · Desarrollo de software
3656659700,Deep Learning Research Engineer,Netradyne,"· San Diego, CA",145.000 $/año - 180.000 $/año,Híbrido,Jornada completa,Sin experiencia,De 501 a 1.000 empleados · Servicios y consultoría de TI
3667526193,Machine Learning Research Scientist - Atlas Perception,Boston Dynamics,"· Waltham, MA",145.000 $/año - 180.000 $/año,Híbrido,Jornada completa,Sin experiencia,De 201 a 500 empleados · Fabricación de maquinaria de automatización
3675232968,Data Scientist,ascena,· Estados Unidos,95.000 $/año - 130.000 $/año,En remoto,Jornada completa,Algo de responsabilidad,Más de 10.001 empleados · Comercio al por menor
3680312613,Machine Learning AI Engineer/Scientist,CyberCoders,"· Raleigh, NC",100.000 $/año - 150.000 $/año,Presencial,Jornada completa,Intermedio,De 201 a 500 empleados · Dotación y selección de personal
3682226450,"Machine Learning Engineer, Planning, Prediction and Control",DeepRoute.ai,"· Fremont, CA",100.000 $/año - 150.000 $/año,Presencial,Jornada completa,Intermedio,De 501 a 1.000 empleados · Desarrollo de software
3689932006,Machine Learning Research Scientist - Reinforcement Learning,Nuro,"· Mountain View, CA",167.200 $/año - 250.800 $/año,Híbrido,Jornada completa,Intermedio,"De 1.001 a 5.000 empleados · Tecnología, información e internet"
3694034911,Senior Deep Learning (AI) Engineer,"Volkswagen of America, Inc","· Belmont, CA",167.200 $/año - 250.800 $/año,Híbrido,Jornada completa,Intermedio,De 1.001 a 5.000 empleados · Fabricación de vehículos de motor
3700083571,Lead Data Scientist,Burtch Works,"· Boston, MA",200.000 $/año - 240.000 $/año,Híbrido,Jornada completa,Director,De 11 a 50 empleados · Dotación y selección de personal
3710010128,Vision Machine Learning Engineer - US Remote,Hugging Face,"· Nueva York, NY",200.000 $/año - 240.000 $/año,Híbrido,Jornada completa,Director,De 51 a 200 empleados · Desarrollo de software
3712102129,Data Scientist / Statistician Intern Summer 2024 (MS/PhD),The Lubrizol Corporation,"· Wickliffe, OH",200.000 $/año - 240.000 $/año,Híbrido,Jornada completa,Director,De 5.001 a 10.000 empleados · Fabricación de productos químicos
3712731870,Artificial Learning Engineer,Agilysys,"· Alpharetta, GA",200.000 $/año - 240.000 $/año,Híbrido,Jornada completa,Director,De 1.001 a 5.000 empleados · Desarrollo de software
3726376216,Data Scientist - Kiewit Data Services,Kiewit,"· Omaha, NE",200.000 $/año - 240.000 $/año,Híbrido,Jornada completa,Director,Más de 10.001 empleados · Construcción
3728125911,Research Engineer - FAIR Core Learning,Meta,"· Bellevue, WA",200.000 $/año - 240.000 $/año,Híbrido,Jornada completa,Director,Más de 10.001 empleados · Desarrollo de software
3728126550,Research Engineer - FAIR Core Learning,Meta,"· Nueva York, NY",200.000 $/año - 240.000 $/año,Híbrido,Jornada completa,Director,Más de 10.001 empleados · Desarrollo de software
3729097460,Data Scientist,Worldwide Flight Services (WFS),"· Irving, TX",200.000 $/año - 240.000 $/año,Híbrido,Jornada completa,Director,Más de 10.001 empleados
3730766989,Senior Deep Learning Compiler Engineer - MLIR,NVIDIA,· Estados Unidos,144.000 $/año - 270.250 $/año,En remoto,Jornada completa,Intermedio,Más de 10.001 empleados · Fabricación de equipos informáticos
3731939310,Data Scientist,Yext,"· Nueva York, NY",144.000 $/año - 270.250 $/año,En remoto,Jornada completa,Intermedio,"De 1.001 a 5.000 empleados · Tecnología, información e internet"
3733538352,Data Scientist,Reveal Global Consulting,· Washington DC-Baltimore y alrededores,144.000 $/año - 270.250 $/año,En remoto,Jornada completa,Intermedio,De 11 a 50 empleados
3737746049,Data Scientist,Consultis,"· West Palm Beach, FL",144.000 $/año - 270.250 $/año,En remoto,Jornada completa,Intermedio,De 51 a 200 empleados · Servicios y consultoría de TI
3739504870,"Senior Data Scientist, Medical Image Processing",Alphatec Spine,"· Carlsbad, CA",144.000 $/año - 270.250 $/año,En remoto,Jornada completa,Intermedio,De 501 a 1.000 empleados · Fabricación de equipo médico
3740463525,Lead Data Scientist,Centific,"· Redmond, WA",170.000 $/año - 190.000 $/año,Presencial,Jornada completa,Intermedio,De 5.001 a 10.000 empleados · Servicios y consultoría de TI
3743166796,Machine Learning Engineer,Cisco,"· San José, CA",170.000 $/año - 190.000 $/año,Presencial,Jornada completa,Intermedio,Más de 10.001 empleados · Desarrollo de software
3743332641,"AWS DATA ENGINEER | BEAVERTON, OR – HYBRID | Industry: Retail / Wholesale",Vodastra Technologies,"· Beaverton, OR",170.000 $/año - 190.000 $/año,Presencial,Jornada completa,Intermedio,De 11 a 50 empleados · Servicios y consultoría de TI
3743963486,Data Scientist - AI/ML Modeler (1090),Axtria - Ingenious Insights,"· Berkeley Heights, NJ",170.000 $/año - 190.000 $/año,Presencial,Jornada completa,Intermedio,De 1.001 a 5.000 empleados · Desarrollo de software
3744009051,RF Computational Engineer 3,Lam Research,"· Fremont, CA",170.000 $/año - 190.000 $/año,Presencial,Jornada completa,Intermedio,Más de 10.001 empleados · Fabricación de semiconductores
3744396608,"Staff Machine Learning Engineer, Series A",Recruiting from Scratch,"· Watauga, TX",170.000 $/año - 190.000 $/año,Presencial,Jornada completa,Intermedio,De 11 a 50 empleados · Dotación y selección de personal
3744950123,Project Scheduler,Spotlight 29 Casino,"· Coachella, CA",170.000 $/año - 190.000 $/año,Presencial,Jornada completa,Intermedio,De 501 a 1.000 empleados · Casinos y centros de apuestas
3745295106,Machine Learning (ML) Engineer for Robotics & Autonomous Systems,MITRE,"· McLean, VA",170.000 $/año - 190.000 $/año,Presencial,Jornada completa,Intermedio,De 5.001 a 10.000 empleados · Servicios y consultoría de TI
3747310074,Research Engineer - Computer Vision & Machine Learning,Oculus VR,"· Redmond, WA",170.000 $/año - 190.000 $/año,Presencial,Jornada completa,Intermedio,"De 501 a 1.000 empleados · Fabricación de ordenadores, periféricos y artículos electrónicos"
3747326403,Azure Data Engineer (Junior to Mid level),BLN24,"· Tysons Corner, VA",170.000 $/año - 190.000 $/año,Presencial,Jornada completa,Intermedio,De 11 a 50 empleados · Consultoría y servicios a empresas
3747569772,Data Engineer,Massachusetts Institute of Technology,"· Cambridge, MA",170.000 $/año - 190.000 $/año,Presencial,Jornada completa,Intermedio,De 5.001 a 10.000 empleados · Enseñanza superior
3747733575,Data Engineer III -locals,Steneral Consulting,"· Chicago, IL",170.000 $/año - 190.000 $/año,Presencial,Jornada completa,Intermedio,De 51 a 200 empleados · Servicios y consultoría de TI
3747764103,Data Scientist – Predictive Modeling (P&C Homeowners Insurance),Kingstone Insurance Company,· Estados Unidos,95.000 $/año - 120.000 $/año,En remoto,Jornada completa,Intermedio,De 51 a 200 empleados · Seguros
3748441510,Data Engineer,Steneral Consulting,"· Chicago, IL",95.000 $/año - 120.000 $/año,En remoto,Jornada completa,Intermedio,De 51 a 200 empleados · Servicios y consultoría de TI
3748511751,Data Integration Engineer,Encore Fire Protection,"· Needham, MA",95.000 $/año - 120.000 $/año,En remoto,Jornada completa,Intermedio,De 501 a 1.000 empleados · Servicios de instalaciones
3748572470,"Machine Learning System Engineer, Generative AI, Visual Understanding",TikTok,"· San José, CA",95.000 $/año - 120.000 $/año,En remoto,Jornada completa,Intermedio,Más de 10.001 empleados · Proveedores de entretenimiento
3748812655,Data Scientist,Cypress HCM,· San Francisco y alrededores,78 $/h - 104 $/h,Híbrido,Contrato por obra,Intermedio,De 51 a 200 empleados · Dotación y selección de personal
3749020642,Data Architect /Senior Data Engineer,"iSpace, Inc.","· Columbus, OH",78 $/h - 104 $/h,Híbrido,Contrato por obra,Intermedio,De 1.001 a 5.000 empleados · Servicios y tecnologías de la información
3749346453,Adaptive Optics Senior Software Engineer,TMT International Observatory LLC,"· Pasadena, CA",78 $/h - 104 $/h,Híbrido,Contrato por obra,Intermedio,De 51 a 200 empleados · Servicios de investigación
3749774586,Data Engineer,The Lockwood Group,"· Aberdeen Proving Ground, MD",78 $/h - 104 $/h,Híbrido,Contrato por obra,Intermedio,De 51 a 200 empleados · Fabricación de productos de defensa y espacio
3751271718,Senior Corporate Data Scientist,"Client Resources, Inc.","· Lincoln y alrededores, Nebraska",78 $/h - 104 $/h,Híbrido,Contrato por obra,Intermedio,De 51 a 200 empleados · Servicios y consultoría de TI
3752319824,Data Engineer,Metric5,"· All, MO",78 $/h - 104 $/h,Híbrido,Contrato por obra,Intermedio,De 51 a 200 empleados · Servicios y consultoría de TI
3752496774,AI/ML engineer,First Soft Solutions LLC,"· Dallas, TX",78 $/h - 104 $/h,Híbrido,Contrato por obra,Intermedio,De 51 a 200 empleados · Servicios y consultoría de TI
3752806851,Finance Analyst (Benelux),Zoetis,"· Belgium, WI",78 $/h - 104 $/h,Híbrido,Contrato por obra,Intermedio,Más de 10.001 empleados · Fabricación de productos farmacéuticos
3752865669,Data Scientist,Cypress HCM,· Estados Unidos,48 $/h - 65 $/h,En remoto,Contrato por obra,Intermedio,De 51 a 200 empleados · Dotación y selección de personal
3753408170,Senior Deep Learning Algorithm Engineer,NVIDIA,"· Santa Clara, CA",48 $/h - 65 $/h,En remoto,Contrato por obra,Intermedio,Más de 10.001 empleados · Fabricación de equipos informáticos
3755033312,Machine Learning Engineer,Tiposi,"· Milpitas, CA",48 $/h - 65 $/h,En remoto,Contrato por obra,Intermedio,De 11 a 50 empleados
3755065806,Data Engineer Intern,Hewlett Packard Enterprise,"· San José, CA",48 $/h - 65 $/h,En remoto,Contrato por obra,Intermedio,Más de 10.001 empleados · Servicios y consultoría de TI
3755427585,Machine Learning Engineer,hackajob,"· Mountain View, CA",48 $/h - 65 $/h,En remoto,Contrato por obra,Intermedio,De 51 a 200 empleados · Desarrollo de software
3756511926,Data Engineer,Aristotle,"· Provo, UT",48 $/h - 65 $/h,En remoto,Contrato por obra,Intermedio,De 51 a 200 empleados · Servicios y consultoría de TI
3756813046,AI / ML Engineer,Sieve,"· San Francisco, CA",48 $/h - 65 $/h,En remoto,Contrato por obra,Intermedio,Entre 1 y 10 empleados · Desarrollo de software
3757404894,"Senior Staff Data Scientist, Loss Forecasting",SoFi,"· Jacksonville, FL",48 $/h - 65 $/h,En remoto,Contrato por obra,Intermedio,De 1.001 a 5.000 empleados · Servicios financieros
3757683066,Data Scientist (Peoplesoft),ACL Digital,"· Indianápolis, IN",40 $/h - 43 $/h,Híbrido,Contrato por obra,Intermedio,De 1.001 a 5.000 empleados · Servicios y consultoría de TI
3757803778,Database/Data Engineer,TechTammina LLC,"· Charlotte, NC",40 $/h - 43 $/h,Híbrido,Contrato por obra,Intermedio,De 201 a 500 empleados · Servicios y consultoría de TI
3757898670,Senior Data Scientist,Acceler8 Talent,"· Washington, DC",40 $/h - 43 $/h,Híbrido,Contrato por obra,Intermedio,De 11 a 50 empleados · Dotación y selección de personal
3758107529,REMOTE - Data Scientist with Healthcare experience,PEOPLE FORCE CONSULTING INC,· Estados Unidos,40 $/h - 43 $/h,Híbrido,Contrato por obra,Intermedio,De 51 a 200 empleados · Servicios y consultoría de TI
3759308653,Data Engineer,eSense Incorporated,"· Lexington, MA",40 $/h - 43 $/h,Híbrido,Contrato por obra,Intermedio,De 51 a 200 empleados · Consultoría y servicios a empresas
3759348748,Data Engineer,TekSalt Solutions,"· Mineápolis, MN",40 $/h - 43 $/h,Híbrido,Contrato por obra,Intermedio,De 51 a 200 empleados · Servicios y consultoría de TI
3759575382,Computer Vision and Optimization Engineer,BotBuilt,"· Durham, NC",90.000 $/año - 130.000 $/año,Presencial,Jornada completa,Sin experiencia,Entre 1 y 10 empleados · Construcción
3759969537,Data Engineer I,WinMax,"· Cupertino, CA",90.000 $/año - 130.000 $/año,Presencial,Jornada completa,Sin experiencia,De 51 a 200 empleados · Dotación y selección de personal
3759990120,Data Scientist I,Trusaic,"· California, Estados Unidos",70.000 $/año - 85.000 $/año,En remoto,Jornada completa,Algo de responsabilidad,De 51 a 200 empleados · Desarrollo de software
3760202672,Data Scientist,Osmii,"· Texas, Estados Unidos",150.000 $/año - 200.000 $/año,Híbrido,Jornada completa,Intermedio,De 51 a 200 empleados · Dotación y selección de personal
3760307305,Data Scientist,Solomon Page,"· Nueva York, NY",150.000 $/año - 200.000 $/año,Híbrido,Jornada completa,Intermedio,De 1.001 a 5.000 empleados · Dotación y selección de personal
3760968854,Statistician/Data Scientist,Eli Lilly and Company,"· Indianápolis, IN",150.000 $/año - 200.000 $/año,Híbrido,Jornada completa,Intermedio,Más de 10.001 empleados · Fabricación de productos farmacéuticos
3761235441,Data Engineer I,Trinus Corporation,"· Chicago, IL",150.000 $/año - 200.000 $/año,Híbrido,Jornada completa,Intermedio,De 51 a 200 empleados · Servicios y consultoría de TI
3761381688,Actuarial Data Scientist,RealREPP,"· Louisville, KY",60.000 $/año - 100.000 $/año,Presencial,Jornada completa,Algo de responsabilidad,De 11 a 50 empleados · Dotación y selección de personal
3761481929,Software Company DevOps Engineer,QDStaff,"· Boca Ratón, FL",60.000 $/año - 100.000 $/año,Presencial,Jornada completa,Algo de responsabilidad,Entre 1 y 10 empleados · Dotación y selección de personal
3761485735,Data Scientist,Intelletec,· Nueva York y alrededores,140.000 $/año - 170.000 $/año,Híbrido,Jornada completa,Intermedio,De 11 a 50 empleados · Dotación y selección de personal
3761496049,Principal Data Scientist (healthcare),"HireStarter, Inc.","· Austin y alrededores, Texas",140.000 $/año - 170.000 $/año,Híbrido,Jornada completa,Intermedio,Entre 1 y 10 empleados · Dotación y selección de personal
3761783642,Machine Learning Software Engineer,"Enterprise Minds, Inc","· Mountain View, CA",140.000 $/año - 170.000 $/año,Híbrido,Jornada completa,Intermedio,De 501 a 1.000 empleados · Desarrollo de software
3761812975,Data Analyst,Sedgwick,"· Minnesota, Estados Unidos",140.000 $/año - 170.000 $/año,Híbrido,Jornada completa,Intermedio,Más de 10.001 empleados · Seguros
3761812984,Data Analyst,Sedgwick,"· Michigan, Estados Unidos",140.000 $/año - 170.000 $/año,Híbrido,Jornada completa,Intermedio,Más de 10.001 empleados · Seguros
3761813845,Data Analyst,Sedgwick,"· Luisiana, Estados Unidos",140.000 $/año - 170.000 $/año,Híbrido,Jornada completa,Intermedio,Más de 10.001 empleados · Seguros
3761814697,Data Analyst,Sedgwick,"· Florida, Estados Unidos",140.000 $/año - 170.000 $/año,Híbrido,Jornada completa,Intermedio,Más de 10.001 empleados · Seguros
3761814698,Data Analyst,Sedgwick,"· Maryland, Estados Unidos",140.000 $/año - 170.000 $/año,Híbrido,Jornada completa,Intermedio,Más de 10.001 empleados · Seguros
3761815620,Data Analyst,Sedgwick,"· Condado de Maricopa, AZ",140.000 $/año - 170.000 $/año,Híbrido,Jornada completa,Intermedio,Más de 10.001 empleados · Seguros
3761816473,Data Analyst,Sedgwick,"· Nevada, Estados Unidos",140.000 $/año - 170.000 $/año,Híbrido,Jornada completa,Intermedio,Más de 10.001 empleados · Seguros
3761816477,Data Analyst,Sedgwick,"· Oregón, Estados Unidos",140.000 $/año - 170.000 $/año,Híbrido,Jornada completa,Intermedio,Más de 10.001 empleados · Seguros
3761817378,Data Analyst,Sedgwick,"· Oklahoma, Estados Unidos",140.000 $/año - 170.000 $/año,Híbrido,Jornada completa,Intermedio,Más de 10.001 empleados · Seguros
3761817379,Data Analyst,Sedgwick,"· Georgia, Estados Unidos",140.000 $/año - 170.000 $/año,Híbrido,Jornada completa,Intermedio,Más de 10.001 empleados · Seguros
3761818335,Data Analyst,Sedgwick,"· Condado de Davis, UT",140.000 $/año - 170.000 $/año,Híbrido,Jornada completa,Intermedio,Más de 10.001 empleados · Seguros
3761843741,AI Research Engineer,Future House,"· San Francisco, CA",140.000 $/año - 170.000 $/año,Híbrido,Jornada completa,Intermedio,Entre 1 y 10 empleados
3762242381,Data Scientist,Probar Premium gratis,"HCL Technologies · Peoria, IL",140.000 $/año - 170.000 $/año,Híbrido,Jornada completa,Intermedio,Ve una comparación con los otros 287 solicitantes. Probar Premium gratis
3762333316,Machine Learning Engineer,"CARIAD, Inc.","· Santa Clara, CA",140.000 $/año - 170.000 $/año,Híbrido,Jornada completa,Intermedio,De 201 a 500 empleados · Desarrollo de software
3762359632,Data Scientist II,Cencora,"· Conshohocken, PA",140.000 $/año - 170.000 $/año,Híbrido,Jornada completa,Intermedio,Más de 10.001 empleados · Hospitales y atención sanitaria
3762639993,Data Scientist - Investment Management,InvestM Technology LLC,· Estados Unidos,140.000 $/año - 170.000 $/año,Híbrido,Jornada completa,Intermedio,De 11 a 50 empleados · Servicios y consultoría de TI
3762670467,Data Scientist,"Client Resources, Inc.",· Estados Unidos,140.000 $/año - 170.000 $/año,Híbrido,Jornada completa,Intermedio,De 51 a 200 empleados · Servicios y consultoría de TI
3762679131,Data Analyst,Elder Research,"· Virginia Beach, VA",140.000 $/año - 170.000 $/año,Híbrido,Jornada completa,Intermedio,De 51 a 200 empleados · Servicios y consultoría de TI
3762680165,Data Analyst,Elder Research,"· Colorado Springs, CO",140.000 $/año - 170.000 $/año,Híbrido,Jornada completa,Intermedio,De 51 a 200 empleados · Servicios y consultoría de TI
3762687470,Data Scientist,Acunor,"· Nueva York, Estados Unidos",140.000 $/año - 170.000 $/año,Híbrido,Jornada completa,Intermedio,De 11 a 50 empleados · Servicios y consultoría de TI
3762691818,Machine Learning Engineer,Selby Jennings,"· Austin, TX",400.000 $/año - 700.000 $/año,Presencial,Jornada completa,Intermedio,De 1.001 a 5.000 empleados · Servicios profesionales
3762746288,Senior Data Engineer,Agile Global Solutions LLC,"· Chesterfield, VA",400.000 $/año - 700.000 $/año,Presencial,Jornada completa,Intermedio,Entre 1 y 10 empleados · Servicios y consultoría de TI
3762801435,Data Engineer,Steneral Consulting,"· Cincinnati, OH",400.000 $/año - 700.000 $/año,Presencial,Jornada completa,Intermedio,De 51 a 200 empleados · Servicios y consultoría de TI
3763391642,Senior Data Scientist,Brooksource,"· Morris Plains, NJ",50 $/h - 57 $/h,En remoto,Contrato por obra,Intermedio,De 1.001 a 5.000 empleados · Servicios y consultoría de TI
3763529974,Data Engineer,Accroid Inc,"· Cincinnati, OH",50 $/h - 57 $/h,En remoto,Contrato por obra,Intermedio,De 51 a 200 empleados · Servicios y consultoría de TI
3763531584,Data Engineer,Steneral Consulting,"· Cincinnati, OH",50 $/h - 57 $/h,En remoto,Contrato por obra,Intermedio,De 51 a 200 empleados · Servicios y consultoría de TI
3764173559,Data Engineer,Steneral Consulting,"· Cincinnati, OH",50 $/h - 57 $/h,En remoto,Contrato por obra,Intermedio,De 51 a 200 empleados · Servicios y consultoría de TI
3764175513,Azure Cloud Data Engineer,"Cape Henry Associates, Acquired by JANUS Research Group","· Newport News, VA",85.000 $/año - 125.000 $/año,Presencial,Jornada completa,Sin experiencia,De 201 a 500 empleados · Relaciones gubernamentales
3764327708,Machine Learning Engineer,Presage Technologies,"· Reston, VA",85.000 $/año - 125.000 $/año,Presencial,Jornada completa,Sin experiencia,De 11 a 50 empleados
3764508755,"Data Engineer/Lead - Dallas, NY/NJ, Chicago, IL, Atlanta, GA (Onsite for now but could be hybrid too)",Spanco Solutions,"· Atlanta, GA",85.000 $/año - 125.000 $/año,Presencial,Jornada completa,Sin experiencia,De 11 a 50 empleados · Servicios y consultoría de TI
3764675617,Statistician/Data Scientist,Eli Lilly and Company,"· Indianápolis, IN",85.000 $/año - 125.000 $/año,Presencial,Jornada completa,Sin experiencia,Más de 10.001 empleados · Fabricación de productos farmacéuticos
3764678740,Data Engineer,"Hydrow, Inc.","· Boston, MA",85.000 $/año - 125.000 $/año,Presencial,Jornada completa,Sin experiencia,De 51 a 200 empleados · Servicios de bienestar y mantenimiento físico
3764783034,Data Engineer (Snowflake),MindPal,"· Provo, UT",85.000 $/año - 125.000 $/año,Presencial,Jornada completa,Sin experiencia,De 51 a 200 empleados · Dotación y selección de personal
3764783040,Data Engineer (Snowflake),MindPal,"· Tucson, AZ",85.000 $/año - 125.000 $/año,Presencial,Jornada completa,Sin experiencia,De 51 a 200 empleados · Dotación y selección de personal
3765083210,Python/ Data Engineer,HireKeyz Inc,"· Plano, TX",85.000 $/año - 125.000 $/año,Presencial,Jornada completa,Sin experiencia,De 11 a 50 empleados · Dotación y selección de personal
3765294448,Summer Intern - R&D/Artificial Intelligence,"Bluebeam, Inc.","· Pasadena, CA",,Presencial,Prácticas,Prácticas,De 201 a 500 empleados · Desarrollo de software
3765439827,Data Scientist - Marketing Analytics (212176),Medix Technology,· Estados Unidos,75 $/h - 80 $/h,En remoto,Contrato por obra,Intermedio,De 201 a 500 empleados · Servicios y consultoría de TI
3765447371,Predictive Modeler/Data Scientist 212176,Medix™,"· Bolingbrook, IL",70 $/año - 75 $/año,En remoto,Contrato por obra,Intermedio,De 501 a 1.000 empleados · Dotación y selección de personal
3765470638,Global Sourcing Data Analyst,Avani Tech Solutions Private Limited,"· Nueva York, NY",55 $/h - 60 $/h,Presencial,Contrato por obra,Algo de responsabilidad,De 51 a 200 empleados · Desarrollo de software
3765481174,Data Analyst,The Society of St. Vincent de Paul - Phoenix,"· Phoenix, AZ",55 $/h - 60 $/h,Presencial,Contrato por obra,Algo de responsabilidad,De 51 a 200 empleados · Gestión de organizaciones sin ánimo de lucro
3765771824,Deep Learning Engineer,Stealth Startup,· Estados Unidos,55 $/h - 60 $/h,Presencial,Contrato por obra,Algo de responsabilidad,"De 11 a 50 empleados · Tecnología, información e internet"
3765831773,Remote Cruise Planner - Entry Level,Travel by Tilly,"· Phoenix, AZ",,En remoto,Media jornada,Sin experiencia,Entre 1 y 10 empleados · Organización de viajes
3765833525,Remote Travel Consultant - Entry Level,Travel by Tilly,"· Chicago, IL",,En remoto,Media jornada,Sin experiencia,Entre 1 y 10 empleados · Organización de viajes
3765833531,Remote Customer Service Sales Rep - Entry Level,Travel by Tilly,"· Denver, CO",,En remoto,Media jornada,Sin experiencia,Entre 1 y 10 empleados · Organización de viajes
3765834364,Remote Corporate & Event Planning - Entry Level,Travel by Tilly,"· Seattle, WA",,En remoto,Media jornada,Sin experiencia,Entre 1 y 10 empleados · Organización de viajes
3765834382,Remote Resort Reservationist - Entry Level,Travel by Tilly,"· Filadelfia, PA",,En remoto,Media jornada,Sin experiencia,Entre 1 y 10 empleados · Organización de viajes
3765834383,Remote Marketing Travel Specialist,Travel by Tilly,"· Washington, DC",,En remoto,Media jornada,Sin experiencia,Entre 1 y 10 empleados · Organización de viajes
3765835279,Remote Tourism Advisor - Entry Level,Travel by Tilly,"· Dallas, TX",,En remoto,Media jornada,Sin experiencia,Entre 1 y 10 empleados · Organización de viajes
3765836174,Remote Coordinator - Entry Level,Travel by Tilly,"· Saint Louis, MO",,En remoto,Media jornada,Sin experiencia,Entre 1 y 10 empleados · Organización de viajes
3766051143,Remote Part-time Data/Quantitative Research Position,Cornell University,"· Ithaca, NY",40 $/h - 50 $/h,En remoto,Media jornada,Intermedio,Más de 10.001 empleados · Enseñanza superior
3766280936,Business Analyst Intern - Remote | WFH,Get It Recruit - Finance,"· Santa Clara, CA",,En remoto,Prácticas,Prácticas,Entre 1 y 10 empleados · Servicios de recursos humanos
3766655529,Data Architecture Intern,International Rescue Committee,"· Nueva York, NY",,Híbrido,Media jornada,Prácticas,Más de 10.001 empleados · Organizaciones sin ánimo de lucro
3766662568,Data Engineer,Accroid Inc,"· Inver Grove Heights, MN",,Híbrido,Media jornada,Prácticas,De 51 a 200 empleados · Servicios y consultoría de TI
3766682212,Data Center Engineer - Seattle,DeRisk Technologies,"· Seattle, WA",,Híbrido,Media jornada,Prácticas,De 1.001 a 5.000 empleados · Servicios y consultoría de TI
3766684315,Data Center Engineer - San Diego,DeRisk Technologies,"· San Diego, CA",,Híbrido,Media jornada,Prácticas,De 1.001 a 5.000 empleados · Servicios y consultoría de TI
3766684640,Data Center Engineer - St. Louis,DeRisk Technologies,"· Saint Louis, MO",,Híbrido,Media jornada,Prácticas,De 1.001 a 5.000 empleados · Servicios y consultoría de TI
3766685481,Data Center Engineer - Portland,DeRisk Technologies,"· Portland, OR",,Híbrido,Media jornada,Prácticas,De 1.001 a 5.000 empleados · Servicios y consultoría de TI
3766728302,Data Engineer,Otter Products,"· Fort Collins, CO",90.000 $/año - 120.000 $/año,En remoto,Jornada completa,Sin experiencia,De 1.001 a 5.000 empleados · Industria manufacturera
3766786357,Business Analyst Intern - Summer 2024,Wayfair,"· Boston, MA",90.000 $/año - 120.000 $/año,En remoto,Jornada completa,Sin experiencia,Más de 10.001 empleados · Comercio al por menor
3766802812,Data Analyst III,WinMax,"· Cupertino, CA",60 $/h - 63 $/h,Presencial,Contrato por obra,Algo de responsabilidad,De 51 a 200 empleados · Dotación y selección de personal
3766891845,Data Analyst,Ad hoc Research,"· Aberdeen Proving Ground, MD",60 $/h - 63 $/h,Presencial,Contrato por obra,Algo de responsabilidad,De 51 a 200 empleados · Departamento de defensa y del espacio exterior
3767061172,Data Analyst - Early Career,Lockheed Martin,"· Moorestown, NJ",60 $/h - 63 $/h,Presencial,Contrato por obra,Algo de responsabilidad,Más de 10.001 empleados · Fabricación de productos de defensa y espacio
3767122642,Data Analytics Intern,Schneider Electric,"· Boston, MA",60 $/h - 63 $/h,Presencial,Contrato por obra,Algo de responsabilidad,Más de 10.001 empleados · Fabricación de maquinaria de automatización
3767189280,Data Engineer,"GEI Consultants, Inc.","· Ithaca, NY",60 $/h - 63 $/h,Presencial,Contrato por obra,Algo de responsabilidad,De 1.001 a 5.000 empleados · Ingeniería civil
3767309281,"Summer Intern, Data Analytics",BlueCross BlueShield of South Carolina,"· Carolina del Sur, Estados Unidos",60 $/h - 63 $/h,Presencial,Contrato por obra,Algo de responsabilidad,Más de 10.001 empleados · Seguros
3767322672,Data Analyst,NYC Department of Finance,"· Manhattan, NY",60 $/h - 63 $/h,Presencial,Contrato por obra,Algo de responsabilidad,De 1.001 a 5.000 empleados · Administración pública
3767408820,SQL DATA ENGINEER,Bamboo Solutions,"· Washington, DC",60 $/h - 63 $/h,Presencial,Contrato por obra,Algo de responsabilidad,De 11 a 50 empleados · Desarrollo de software
3767904243,Staff Data Engineer,Order.co,"· Nueva York, NY",60 $/h - 63 $/h,Presencial,Contrato por obra,Algo de responsabilidad,De 51 a 200 empleados · Desarrollo de software
3767972490,Deep Learning Engineer [4629],Stealth,· Estados Unidos,60 $/h - 63 $/h,Presencial,Contrato por obra,Algo de responsabilidad,Entre 1 y 10 empleados · Desarrollo de software
3768244361,"GCP Data Engineer at Orlando, FL",XCUTIVES Inc.,"· Orlando, FL",60 $/h - 63 $/h,Presencial,Contrato por obra,Algo de responsabilidad,De 11 a 50 empleados · Dotación y selección de personal
3768264924,Human Resources Analyst,USAJOBS,"· Washington, DC",60 $/h - 63 $/h,Presencial,Contrato por obra,Algo de responsabilidad,Más de 10.001 empleados · Servicios de recursos humanos
3768286533,Summer Intern - Publishing Ethics and IPR,IEEE,"· Municipio de Piscataway, NJ",,Presencial,Prácticas,Prácticas,Más de 10.001 empleados · Organizaciones sin ánimo de lucro
3768300248,Senior Data Analyst,Accroid Inc,"· Reston, VA",,Presencial,Prácticas,Prácticas,De 51 a 200 empleados · Servicios y consultoría de TI
3768308901,Data Analyst,FundamentalVR,"· Cincinnati, OH",,Presencial,Prácticas,Prácticas,De 51 a 200 empleados · Servicios médicos
3768325972,Content Analyst,ICONMA,"· Cupertino, CA",60 $/h - 63 $/h,Presencial,Contrato por obra,Sin experiencia,De 1.001 a 5.000 empleados · Dotación y selección de personal
3768359563,Data Scientist #3,Inceed,"· Oklahoma City, OK",65.000 $/año - 85.000 $/año,Presencial,Jornada completa,Sin experiencia,De 51 a 200 empleados · Dotación y selección de personal
3768671522,Data Analytics Intern,Authentic Brands Group,"· Nueva York, NY",15 $/h - 20 $/h,Híbrido,Prácticas,Prácticas,De 201 a 500 empleados · Servicios de publicidad
3768703724,Senior Data Scientist,Lumen Solutions Group Inc.,· Estados Unidos,15 $/h - 20 $/h,Híbrido,Prácticas,Prácticas,De 51 a 200 empleados · Servicios y consultoría de TI
3768708131,Azure Data Engineer,EmpiRx Health,"· Orlando, FL",15 $/h - 20 $/h,Híbrido,Prácticas,Prácticas,De 201 a 500 empleados · Hospitales y atención sanitaria
3768734796,Data Engineer/Analyst,SQUAD Techlab,"· Fremont, CA",15 $/h - 20 $/h,Híbrido,Prácticas,Prácticas,Entre 1 y 10 empleados · Servicios y consultoría de TI
3768735710,"Business Intelligence Engineer, Science and Economics for Recruiting Effectiveness",Amazon,"· Seattle, WA",15 $/h - 20 $/h,Híbrido,Prácticas,Prácticas,Más de 10.001 empleados · Desarrollo de software
3768737556,"Business Intelligence Engineer, Science and Economics for Recruiting Effectiveness",Amazon,"· Seattle, WA",15 $/h - 20 $/h,Híbrido,Prácticas,Prácticas,Más de 10.001 empleados · Desarrollo de software
3768758383,GIS Analyst II,BlackRock Resources LLC,"· Salt Lake City, UT",15 $/h - 20 $/h,Híbrido,Prácticas,Prácticas,De 51 a 200 empleados · Dotación y selección de personal
3768786597,Research Intern - Graph Machine Learning and LLMs for Data Monitoring,Microsoft,"· Redmond, WA",10.120 $/año - 12.170 $/año,Híbrido,Prácticas,,Más de 10.001 empleados · Desarrollo de software
3768824498,Data Engineer,Jefferson Frank,"· Milwaukee, WI",10.120 $/año - 12.170 $/año,Híbrido,Prácticas,,De 201 a 500 empleados · Dotación y selección de personal
3768901276,Data Engineer,Deseret First Credit Union,"· Salt Lake City, UT",10.120 $/año - 12.170 $/año,Híbrido,Prácticas,,De 51 a 200 empleados · Banca
3769005785,Lead Data Scientist,"Yoh, A Day & Zimmermann Company",· Nueva York y alrededores,10.120 $/año - 12.170 $/año,Híbrido,Prácticas,,De 1.001 a 5.000 empleados · Dotación y selección de personal
3769008567,Data Analyst-CA,ATC,"· California, Estados Unidos",10.120 $/año - 12.170 $/año,Híbrido,Prácticas,,De 51 a 200 empleados · Servicios y tecnologías de la información
3769037441,Content Insights & Optimization Manager,Autodesk,"· Oregón, Estados Unidos",10.120 $/año - 12.170 $/año,Híbrido,Prácticas,,Más de 10.001 empleados · Desarrollo de software
3769041003,Content Insights & Optimization Manager,Autodesk,"· Washington, DC",10.120 $/año - 12.170 $/año,Híbrido,Prácticas,,Más de 10.001 empleados · Desarrollo de software
3769049759,Data Entry Clerk - Fully Remote,Data Nomad,· Estados Unidos,10.120 $/año - 12.170 $/año,Híbrido,Prácticas,,De 51 a 200 empleados · Servicios y tecnologías de la información
3769063528,Biopharmaceutical   SENIOR COMMISSIONING & QUALIFICATION ENGINEER,MMR Consulting,"· Carlsbad, CA",10.120 $/año - 12.170 $/año,Híbrido,Prácticas,,De 51 a 200 empleados · Investigación biotecnológica
3769064470,Pharmaceutical Process Engineer,MMR Consulting,"· Los Ángeles, CA",10.120 $/año - 12.170 $/año,Híbrido,Prácticas,,De 51 a 200 empleados · Investigación biotecnológica
3769296656,Data Scientist,Scipher Medicine,"· Waltham, MA",10.120 $/año - 12.170 $/año,Híbrido,Prácticas,,De 51 a 200 empleados · Investigación biotecnológica
3770506790,"Data Analytics Manager_______________MASSACHUSETTS,MANSFIELD",Steneral Consulting,"· Mansfield, MA",110.000 $/año - 125.000 $/año,Híbrido,Jornada completa,Intermedio,De 51 a 200 empleados · Servicios y consultoría de TI
3770678485,Data Bricks developer - ONSITE,Pulivarthi Group (PG),"· West Springfield, MA",110.000 $/año - 125.000 $/año,Híbrido,Jornada completa,Intermedio,De 51 a 200 empleados · Dotación y selección de personal
3770685212,Data Engineer  - Need candidates from Texas ( REMOTE ),Pulivarthi Group (PG),· Estados Unidos,110.000 $/año - 125.000 $/año,Híbrido,Jornada completa,Intermedio,De 51 a 200 empleados · Dotación y selección de personal
3770760490,Senior Data Engineer,Nike,"· Beaverton, OR",110.000 $/año - 125.000 $/año,Híbrido,Jornada completa,Intermedio,Más de 10.001 empleados · Comercio al por menor
3770783880,"Staff Credit Strategy Analyst, Data Scientist",SoFi,"· Jacksonville, FL",110.000 $/año - 125.000 $/año,Híbrido,Jornada completa,Intermedio,De 1.001 a 5.000 empleados · Servicios financieros
3770783936,"Staff Credit Strategy Analyst, Data Scientist",SoFi,"· Cottonwood Heights, UT",110.000 $/año - 125.000 $/año,Híbrido,Jornada completa,Intermedio,De 1.001 a 5.000 empleados · Servicios financieros
3770785618,"Staff Credit Strategy Analyst, Data Scientist",SoFi,"· San Francisco, CA",110.000 $/año - 125.000 $/año,Híbrido,Jornada completa,Intermedio,De 1.001 a 5.000 empleados · Servicios financieros
3770786405,"Staff Credit Strategy Analyst, Data Scientist",SoFi,"· Claymont, DE",110.000 $/año - 125.000 $/año,Híbrido,Jornada completa,Intermedio,De 1.001 a 5.000 empleados · Servicios financieros
3770799777,Data Engineer (Hybrid) - Python/Java/Kibana/ElasticSearch/JSON/Kafka,Captivation,"· Columbia, MD",110.000 $/año - 125.000 $/año,Híbrido,Jornada completa,Intermedio,De 11 a 50 empleados · Desarrollo de software
3770800728,Data Analyst,Parallax,"· Mineápolis, MN",110.000 $/año - 125.000 $/año,Híbrido,Jornada completa,Intermedio,De 11 a 50 empleados · Desarrollo de software
3770870077,Deep Learning Engineer,Stealth Startup,· Estados Unidos,110.000 $/año - 125.000 $/año,Híbrido,Jornada completa,Intermedio,"De 11 a 50 empleados · Tecnología, información e internet"
3771194111,Product Analyst,Warner Bros. Discovery,"· Nueva York, Estados Unidos",70.000 $/año - 130.000 $/año,En remotoCoincide con tus preferencias de empleo. La modalidad laboral es En remoto.,Jornada completaCoincide con tus preferencias de empleo. El tipo de empleo es Jornada completa.,Intermedio,Más de 10.001 empleados · Proveedores de entretenimiento
3771328759,Data Engineer,REALLY,"· Austin, TX",70.000 $/año - 130.000 $/año,En remotoCoincide con tus preferencias de empleo. La modalidad laboral es En remoto.,Jornada completaCoincide con tus preferencias de empleo. El tipo de empleo es Jornada completa.,Intermedio,De 11 a 50 empleados · Telecomunicaciones
3771376569,Data Engineer,Jenni Kayne,"· Los Ángeles, CA",120.000 $/año - 165.000 $/año,Híbrido,Jornada completa,Sin experiencia,De 11 a 50 empleados · Comercio al por menor
3771399424,Junior Software Engineer - Top 25 Computer Science Degree,Simplex,"· Austin, TX",120.000 $/año - 165.000 $/año,Híbrido,Jornada completa,Sin experiencia,De 51 a 200 empleados · Construcción
3771478005,"Staff Data Scientist, Strategy & Insights",LinkedIn,"· Sunnyvale, CA",120.000 $/año - 165.000 $/año,Híbrido,Jornada completa,Sin experiencia,Más de 10.001 empleados · Desarrollo de software
3771503379,Data Analyst,"Business Plan Solutions, LLC","· San Antonio, TX",120.000 $/año - 165.000 $/año,Híbrido,Jornada completa,Sin experiencia,De 11 a 50 empleados · Servicios y consultoría de TI
3771514066,Quality Control Analyst,"Carolina Poly, Inc.","· Chester, SC",120.000 $/año - 165.000 $/año,Híbrido,Jornada completa,Sin experiencia,Fabricación de productos de plástico
3771757883,Volunteer: Data Visualization,The 1947 Partition Archive,"· Berkeley, CA",120.000 $/año - 165.000 $/año,Híbrido,Jornada completa,Sin experiencia,"De 51 a 200 empleados · Museos, sitios históricos y zoológicos"
3771782000,Senior Growth Product Manager,Wild Alaskan Company,· Estados Unidos,130.000 $/año - 180.000 $/año,En remoto,Jornada completa,Intermedio,De 51 a 200 empleados · Servicios de alimentos y bebidas
3771831960,RESEARCH ANALYST,Duke University,"· Durham, NC",130.000 $/año - 180.000 $/año,En remoto,Jornada completa,Intermedio,Más de 10.001 empleados · Enseñanza superior
3771908283,Head of Data (remote),Verve Group,"· Nueva York, Estados Unidos",275.000 $/año - 425.000 $/año,En remoto,Jornada completa,Director,De 201 a 500 empleados · Servicios de publicidad
3772071354,Machine Learning Engineer,Presage Technologies,"· San Francisco, CA",275.000 $/año - 425.000 $/año,En remoto,Jornada completa,Director,De 11 a 50 empleados · Desarrollo de software
3772460738,Data Scientist,E-Frontiers,"· Nueva York, NY",275.000 $/año - 425.000 $/año,En remoto,Jornada completa,Director,De 11 a 50 empleados · Dotación y selección de personal
3772495547,Senior Deep Learning Engineer,Metric Search,· San Francisco y alrededores,170.000 $/año - 200.000 $/año,Presencial,Jornada completa,Algo de responsabilidad,De 51 a 200 empleados · Dotación y selección de personal
3772653655,Growth Hacking Consultant - Instagram/Tiktok,Synapse,· Estados Unidos,170.000 $/año - 200.000 $/año,Presencial,Jornada completa,Algo de responsabilidad,De 11 a 50 empleados · Dotación y selección de personal
3772664388,Data Engineer,Crew,"· Mineápolis, MN",50.000 $/año - 85.000 $/año,Híbrido,Contrato por obra,Sin experiencia,De 1.001 a 5.000 empleados · Consultoría y servicios a empresas
3772689030,Data Analyst,"Ryder System, Inc.","· Frisco, TX",50.000 $/año - 85.000 $/año,Híbrido,Contrato por obra,Sin experiencia,"Más de 10.001 empleados · Transporte, logística, cadena de suministro y almacenamiento"
3772699443,"Data Research Analyst, gt.school (Remote) - $60,000/year USD",Crossover,"· Virginia Beach, VA",30 $/hr,En remoto,Jornada completa,Algo de responsabilidad,De 5.001 a 10.000 empleados · Servicios y consultoría de TI
3772699484,"Data Scientist, gt.school (Remote) - $60,000/year USD",Crossover,"· Renton, WA",30 $/hr,En remoto,Jornada completa,Algo de responsabilidad,De 5.001 a 10.000 empleados · Servicios y consultoría de TI
3772699578,"Data Research Analyst, gt.school (Remote) - $60,000/year USD",Crossover,"· Nueva York, Estados Unidos",30 $/hr,En remoto,Jornada completa,Algo de responsabilidad,De 5.001 a 10.000 empleados · Servicios y consultoría de TI
3772877944,Data Analyst,Connexus® Energy,"· Anoka, MN",30 $/hr,En remoto,Jornada completa,Algo de responsabilidad,De 201 a 500 empleados · Servicios públicos
3772900467,"Data Scientist, gt.school (Remote) - $60,000/year USD",Crossover,"· Round Rock, TX",30 $/hr,En remoto,Jornada completa,Algo de responsabilidad,De 5.001 a 10.000 empleados · Servicios y consultoría de TI
3772900536,"Data Scientist, gt.school (Remote) - $60,000/year USD",Crossover,"· Seattle, WA",30 $/hr,En remoto,Jornada completa,Algo de responsabilidad,De 5.001 a 10.000 empleados · Servicios y consultoría de TI
3772901664,"Data Research Analyst, gt.school (Remote) - $60,000/year USD",Crossover,"· Austin, TX",30 $/hr,En remoto,Jornada completa,Algo de responsabilidad,De 5.001 a 10.000 empleados · Servicios y consultoría de TI
3772902412,"Data Research Analyst, gt.school (Remote) - $60,000/year USD",Crossover,"· Houston, TX",30 $/hr,En remoto,Jornada completa,Algo de responsabilidad,De 5.001 a 10.000 empleados · Servicios y consultoría de TI
3772902431,"Data Research Analyst, gt.school (Remote) - $60,000/year USD",Crossover,"· Round Rock, TX",30 $/hr,En remoto,Jornada completa,Algo de responsabilidad,De 5.001 a 10.000 empleados · Servicios y consultoría de TI
3772904446,"Data Research Analyst, gt.school (Remote) - $60,000/year USD",Crossover,"· Durham, NC",30 $/hr,En remoto,Jornada completa,Algo de responsabilidad,De 5.001 a 10.000 empleados · Servicios y consultoría de TI
3772904457,"Data Research Analyst, gt.school (Remote) - $60,000/year USD",Crossover,"· Columbus, OH",30 $/hr,En remoto,Jornada completa,Algo de responsabilidad,De 5.001 a 10.000 empleados · Servicios y consultoría de TI
3772904634,"Data Scientist, gt.school (Remote) - $60,000/year USD",Crossover,"· Pompano Beach, FL",30 $/hr,En remoto,Jornada completa,Algo de responsabilidad,De 5.001 a 10.000 empleados · Servicios y consultoría de TI
3772905311,"Data Research Analyst, gt.school (Remote) - $60,000/year USD",Crossover,"· Brownsville, TX",30 $/hr,En remoto,Jornada completa,Algo de responsabilidad,De 5.001 a 10.000 empleados · Servicios y consultoría de TI
3772906065,"Data Research Analyst, gt.school (Remote) - $60,000/year USD",Crossover,"· Stamford, CT",30 $/hr,En remoto,Jornada completa,Algo de responsabilidad,De 5.001 a 10.000 empleados · Servicios y consultoría de TI
3772952533,Internship-Machine Learning Engineer R&D,7-Eleven,"· Irving, TX",30 $/hr,En remoto,Jornada completa,Algo de responsabilidad,Más de 10.001 empleados · Comercio al por menor
3772973391,Data Analyst I,DART (Dallas Area Rapid Transit),"· Dallas, TX",30 $/hr,En remoto,Jornada completa,Algo de responsabilidad,De 1.001 a 5.000 empleados · Servicios de transporte urbano
3772976776,Expert Data Engineer,HP,"· Spring, TX",30 $/hr,En remoto,Jornada completa,Algo de responsabilidad,Más de 10.001 empleados · Servicios y consultoría de TI
3772986290,Data Engineer,"Ibotta, Inc.","· Denver, CO",30 $/hr,En remoto,Jornada completa,Algo de responsabilidad,"De 501 a 1.000 empleados · Tecnología, información e internet"
3772988607,Data Engineer,Jobot,"· Troy, NY",80.000 $/año - 95.000 $/año,Presencial,Jornada completa,Sin experiencia,De 501 a 1.000 empleados · Dotación y selección de personal
3773259761,Moderator,MRINetwork,"· Phoenix, AZ",80.000 $/año - 95.000 $/año,Presencial,Jornada completa,Sin experiencia,De 1.001 a 5.000 empleados · Dotación y selección de personal
3773281076,Business Analyst (Documentation Specialist),Qualer Asset Management,"· San Diego, CA",80.000 $/año - 95.000 $/año,Presencial,Jornada completa,Sin experiencia,De 11 a 50 empleados · Desarrollo de software
3773304594,Deep Learning Engineer Co-Founder,Stealth,"· Miami, FL",500.000 $/yr,Presencial,Jornada completa,Ejecutivo,Entre 1 y 10 empleados · Desarrollo de software
3773332481,Data Engineer,AMEND Consulting,"· Cincinnati, OH",500.000 $/yr,Presencial,Jornada completa,Ejecutivo,De 51 a 200 empleados · Consultoría y servicios a empresas
3773350153,Statistical Programmer,Green Key Resources,"· Princeton, NJ",135.200 $/año - 145.600 $/año,Híbrido,Jornada completa,Intermedio,De 201 a 500 empleados · Dotación y selección de personal
3773356872,"Internship: Data Scientist, Health Informatics",Quest Diagnostics,"· Hazleton, PA",20 $/hr,,Prácticas,Prácticas,Más de 10.001 empleados · Hospitales y atención sanitaria
3773357270,Consultancy – PSEA Risk Analysis & Mapping Consultant Req.#567862,UNICEF,"· Nueva York, Estados Unidos",20 $/hr,,Prácticas,Prácticas,Más de 10.001 empleados · Organizaciones sin ánimo de lucro
3773392703,Data Scientist,Charter Global,"· Reston, VA",80 $/h - 85 $/h,Híbrido,Contrato por obra,Intermedio,De 1.001 a 5.000 empleados · Servicios y consultoría de TI
3773397379,Senior Data Scientist,Charter Global,"· Reston, VA",75 $/h - 80 $/h,En remoto,Contrato por obra,Intermedio,De 1.001 a 5.000 empleados · Servicios y consultoría de TI
3773397795,Data Analyst,Promise,"· Arlington, VA",75 $/h - 80 $/h,En remoto,Contrato por obra,Intermedio,De 11 a 50 empleados · Desarrollo de software
3773408383,Volunteer: CrowdDoing Service Learning Marketing Director Volunteer,CrowdDoing,"· El Dorado Hills, CA",75 $/h - 80 $/h,En remoto,Contrato por obra,Intermedio,Entre 1 y 10 empleados · Organizaciones sin ánimo de lucro
3773408834,Data Analyst,Ecclesiastes Inc,"· Newark, DE",,Presencial,Media jornada,Sin experiencia,De 11 a 50 empleados · Servicios y consultoría de TI
3773486133,Instructor,University of Chicago,"· Chicago, IL",,Presencial,Media jornada,,Más de 10.001 empleados
3773801014,Sr.Data Scientist,Sky Consulting Inc.,· Estados Unidos,,Presencial,Media jornada,,De 11 a 50 empleados · Dotación y selección de personal
3773802052,Data Analyst,Promise,"· Fairfield, CA",,Presencial,Media jornada,,De 11 a 50 empleados · Desarrollo de software
3773873837,Management and Program Analyst (Business Intelligence),United States Marshals Service,· Estados Unidos,84.546 $/año - 109.908 $/año,En remoto,Jornada completa,Intermedio,De 5.001 a 10.000 empleados · Fuerzas y cuerpos de seguridad
3773889315,Data Scientist,Confluent,· Estados Unidos,131.900 $/año - 151.700 $/año,En remoto,Jornada completa,Sin experiencia,De 1.001 a 5.000 empleados · Desarrollo de software
3773892164,Data Analyst,Harris County,"· Houston, TX",131.900 $/año - 151.700 $/año,En remoto,Jornada completa,Sin experiencia,Más de 10.001 empleados · Administración pública
3773894886,Data Analyst  I,Centene Corporation,"· Clayton, MO",131.900 $/año - 151.700 $/año,En remoto,Jornada completa,Sin experiencia,Más de 10.001 empleados · Hospitales y atención sanitaria
3773894894,Data Analyst  I,Centene Corporation,"· Delaware, Estados Unidos",131.900 $/año - 151.700 $/año,En remoto,Jornada completa,Sin experiencia,Más de 10.001 empleados · Hospitales y atención sanitaria
3773894895,Data Analyst  I,Centene Corporation,"· Hawai, HI",131.900 $/año - 151.700 $/año,En remoto,Jornada completa,Sin experiencia,Más de 10.001 empleados · Hospitales y atención sanitaria
3773894910,Data Analyst  I,Centene Corporation,"· Ohio, Estados Unidos",131.900 $/año - 151.700 $/año,En remoto,Jornada completa,Sin experiencia,Más de 10.001 empleados · Hospitales y atención sanitaria
3773895764,Data Analyst  I,Centene Corporation,"· Maryland, Estados Unidos",131.900 $/año - 151.700 $/año,En remoto,Jornada completa,Sin experiencia,Más de 10.001 empleados · Hospitales y atención sanitaria
3773895766,Data Analyst  I,Centene Corporation,"· Arkansas, Estados Unidos",131.900 $/año - 151.700 $/año,En remoto,Jornada completa,Sin experiencia,Más de 10.001 empleados · Hospitales y atención sanitaria
3773895777,Data Analyst  I,Centene Corporation,· Greater Enid Area,131.900 $/año - 151.700 $/año,En remoto,Jornada completa,Sin experiencia,Más de 10.001 empleados · Hospitales y atención sanitaria
3773895778,Data Analyst  I,Centene Corporation,"· Iowa, Estados Unidos",131.900 $/año - 151.700 $/año,En remoto,Jornada completa,Sin experiencia,Más de 10.001 empleados · Hospitales y atención sanitaria
3773896650,Data Analyst  I,Centene Corporation,"· Washington, DC",131.900 $/año - 151.700 $/año,En remoto,Jornada completa,Sin experiencia,Más de 10.001 empleados · Hospitales y atención sanitaria
3773896654,Data Analyst  I,Centene Corporation,"· Condado de Kenton, KY",131.900 $/año - 151.700 $/año,En remoto,Jornada completa,Sin experiencia,Más de 10.001 empleados · Hospitales y atención sanitaria
3773897548,Data Analyst  I,Centene Corporation,"· Providencia, RI",131.900 $/año - 151.700 $/año,En remoto,Jornada completa,Sin experiencia,Más de 10.001 empleados · Hospitales y atención sanitaria
3773898388,Data Analyst  I,Centene Corporation,"· Condado de Bernalillo, NM",131.900 $/año - 151.700 $/año,En remoto,Jornada completa,Sin experiencia,Más de 10.001 empleados · Hospitales y atención sanitaria
3773899223,Data Analyst  I,Centene Corporation,"· Condado de Hillsborough, NH",131.900 $/año - 151.700 $/año,En remoto,Jornada completa,Sin experiencia,Más de 10.001 empleados · Hospitales y atención sanitaria
3773899226,Data Analyst  I,Centene Corporation,"· Florida, Estados Unidos",131.900 $/año - 151.700 $/año,En remoto,Jornada completa,Sin experiencia,Más de 10.001 empleados · Hospitales y atención sanitaria
3773899227,Data Analyst  I,Centene Corporation,· Estados Unidos,131.900 $/año - 151.700 $/año,En remoto,Jornada completa,Sin experiencia,Más de 10.001 empleados · Hospitales y atención sanitaria
3773899229,Data Analyst  I,Centene Corporation,"· Carolina del Norte, Estados Unidos",131.900 $/año - 151.700 $/año,En remoto,Jornada completa,Sin experiencia,Más de 10.001 empleados · Hospitales y atención sanitaria
3773899237,Data Analyst  I,Centene Corporation,"· Indiana, Estados Unidos",131.900 $/año - 151.700 $/año,En remoto,Jornada completa,Sin experiencia,Más de 10.001 empleados · Hospitales y atención sanitaria
3774001137,Data Analyst  I,Centene Corporation,"· Washington, DC",131.900 $/año - 151.700 $/año,En remoto,Jornada completa,Sin experiencia,Más de 10.001 empleados · Hospitales y atención sanitaria
3774001139,Data Analyst  I,Centene Corporation,· Nashville y alrededores,131.900 $/año - 151.700 $/año,En remoto,Jornada completa,Sin experiencia,Más de 10.001 empleados · Hospitales y atención sanitaria
3774004126,Data Entry / Admin,TRC Talent Solutions,"· Norcross, GA",17 $/hr,Presencial,Jornada completa,Sin experiencia,De 51 a 200 empleados · Consultoría y servicios a empresas
3774010984,Data Scientist,Brooksource,"· Saint Louis, MO",50 $/h - 54 $/h,Híbrido,Contrato por obra,Algo de responsabilidad,De 1.001 a 5.000 empleados · Servicios y consultoría de TI
3774332097,Propulsion Engineer (Merlin Flight Operations),SpaceX,"· Hawthorne, CA",95.000 $/año - 115.000 $/año,Presencial,Jornada completa,Sin experiencia,De 1.001 a 5.000 empleados · Fabricación de componentes aeroespaciales y de aviación
3774336470,Prophet Model Developer,Pacific Life,· Estados Unidos,141.570 $/año - 173.030 $/año,En remoto,Jornada completa,Intermedio,De 1.001 a 5.000 empleados · Servicios financieros
3774685566,Data Engineer,SnapX.ai,"· Sunnyvale, CA",141.570 $/año - 173.030 $/año,En remoto,Jornada completa,Intermedio,Entre 1 y 10 empleados · Servicios de recursos humanos
3774920311,Data Scientist (L5) - Member Product,Netflix,· Estados Unidos,141.570 $/año - 173.030 $/año,En remoto,Jornada completa,Intermedio,Más de 10.001 empleados · Proveedores de entretenimiento
3774930047,Data Analyst,Skillable,"· Houston, TX",141.570 $/año - 173.030 $/año,En remoto,Jornada completa,Intermedio,De 51 a 200 empleados · Servicios y tecnologías de la información
3774966764,Senior Paid Social Analyst (Growth Marketing team),Wayfair,"· Boston, MA",141.570 $/año - 173.030 $/año,En remoto,Jornada completa,Intermedio,Más de 10.001 empleados · Comercio al por menor
3774996585,Data engineer - Systematic hedge fund (PW),MRINetwork,"· Nueva York, NY",141.570 $/año - 173.030 $/año,En remoto,Jornada completa,Intermedio,De 1.001 a 5.000 empleados · Dotación y selección de personal
3774998672,Engineer - Data Engineer III,Cencora,"· Orange, CA",141.570 $/año - 173.030 $/año,En remoto,Jornada completa,Intermedio,Más de 10.001 empleados · Hospitales y atención sanitaria
3775178848,RESEARCH SCIENTIST 2,University of Washington,"· Seattle, WA",4.649 $/mes - 9.465 $/mes,Presencial,Jornada completa,Intermedio,Más de 10.001 empleados · Enseñanza superior
3775180566,DATA AND PROCESS ANALYST,University of Washington,"· Seattle, WA",6.482 $/mes - 8.102 $/mes,Presencial,Jornada completa,Intermedio,Más de 10.001 empleados · Enseñanza superior
3775183162,RESEARCH STUDY ASSISTANT,University of Washington,"· Seattle, WA",3.240 $/mes - 3.907 $/mes,Presencial,Jornada completa,Sin experiencia,Más de 10.001 empleados · Enseñanza superior
3775200323,Data Analyst,Probar Premium gratis,"WaIden University · Massachusetts, Estados Unidos",35 $/h - 40 $/h,En remoto,Media jornada,,Ve una comparación con los otros 444 solicitantes. Probar Premium gratis
3775282896,"Remediation Data Analyst- SAS/SQL, 100% Remote W2 Only",Dice,· Estados Unidos,35 $/h - 40 $/h,En remoto,Media jornada,,"De 1.001 a 5.000 empleados · Tecnología, información e internet"
3775534052,Online Data Analyst,TELUS International,"· Tennessee, Estados Unidos",,En remoto,Media jornada,Sin experiencia,Más de 10.001 empleados · Servicios y consultoría de TI
3775544447,Senior Data Scientist,TechStar Group,"· Redmond, WA",,En remoto,Media jornada,Sin experiencia,De 501 a 1.000 empleados · Servicios y consultoría de TI
3775558041,Data Analyst - Contract,Fountain,· Estados Unidos,,En remoto,Media jornada,Sin experiencia,De 201 a 500 empleados · Desarrollo de software
3775569518,Operations Data Analyst / Onsite,MISUMI,"· Schaumburg, IL",,En remoto,Media jornada,Sin experiencia,De 1.001 a 5.000 empleados · Fabricación de maquinaria de automatización
3775571476,Data Scientist,BrickRed Systems,· Estados Unidos,70 $/hr,En remoto,Contrato por obra,Intermedio,De 501 a 1.000 empleados · Servicios y consultoría de TI
3775580148,Business Intelligence (BI) Data Analyst,"ISC (Integrated Specialty Coverages, LLC)",· Estados Unidos,100.000 $/año - 115.000 $/año,En remoto,Jornada completa,Algo de responsabilidad,De 201 a 500 empleados · Seguros
3775610628,Data Engineer,Accenture,"· San Petersburgo, FL",100.000 $/año - 115.000 $/año,En remoto,Jornada completa,Algo de responsabilidad,Más de 10.001 empleados · Consultoría y servicios a empresas
3775612243,Responsible AI Testing Science Consultant,Accenture,"· Mountain View, CA",100.000 $/año - 115.000 $/año,En remoto,Jornada completa,Algo de responsabilidad,Más de 10.001 empleados · Consultoría y servicios a empresas
3775617153,Data Labeling Analyst II,Facebook,"· Nueva York, NY",20 $/h - 24 $/h,En remoto,Contrato por obra,Sin experiencia,Más de 10.001 empleados · Desarrollo de software
3775623213,Junior Data Analyst,Coders Data,"· Texas, Estados Unidos",20 $/h - 24 $/h,En remoto,Contrato por obra,Sin experiencia,De 201 a 500 empleados · Servicios y consultoría de TI
3775633946,Data Scientist,HustleWing - Side hustles for professionals,· Estados Unidos,,En remoto,Media jornada,Algo de responsabilidad,Entre 1 y 10 empleados · Desarrollo de software
3775641581,Digital Marketing Strategist,Carnegie,· Estados Unidos,,En remoto,Media jornada,Algo de responsabilidad,De 201 a 500 empleados · Servicios de publicidad
3775642111,Insights Analyst – LinkedIn Talent Solutions,LinkedIn,"· San Francisco, CA",,En remoto,Media jornada,Algo de responsabilidad,Más de 10.001 empleados · Desarrollo de software
3775646864,Data Engineer,Avenue Code,· Estados Unidos,,En remoto,Media jornada,Algo de responsabilidad,De 1.001 a 5.000 empleados · Servicios y consultoría de TI
3775649749,Data Consultant ( Remote),Fresca Fresh Blanket Service,· Estados Unidos,,En remoto,Media jornada,Algo de responsabilidad,Servicios para el individuo y la familia
3775683819,Data Engineer,Ford Motor Company,· Estados Unidos,,En remoto,Media jornada,Algo de responsabilidad,Más de 10.001 empleados · Fabricación de vehículos de motor
3775816825,Artificial Intelligence Engineer,Braintrust,· Estados Unidos,15 $/h - 35 $/h,En remoto,Jornada completa,Sin experiencia,"De 11 a 50 empleados · Tecnología, información e internet"
3775819495,"Staff Data Scientist, Core Experience Analytics","Reddit, Inc.",· Estados Unidos,198.200 $/año - 297.300 $/año,En remoto,Jornada completa,Sin experiencia,De 501 a 1.000 empleados · Desarrollo de software
3775821533,Machine Learning Engineer,Conexess Group,"· Saint Louis, MO",198.200 $/año - 297.300 $/año,En remoto,Jornada completa,Sin experiencia,De 51 a 200 empleados · Servicios y consultoría de TI
3775831666,Machine Learning Engineer,Actalent,"· Millersville, MD",198.200 $/año - 297.300 $/año,En remoto,Jornada completa,Sin experiencia,De 5.001 a 10.000 empleados · Consultoría y servicios a empresas
3775837317,Machine Learning Engineer,Actalent,"· Millersville, MD",198.200 $/año - 297.300 $/año,En remoto,Jornada completa,Sin experiencia,De 5.001 a 10.000 empleados · Consultoría y servicios a empresas
3775841139,Machine Learning Engineer,Actalent,"· Millersville, MD",198.200 $/año - 297.300 $/año,En remoto,Jornada completa,Sin experiencia,De 5.001 a 10.000 empleados · Consultoría y servicios a empresas
3775845920,Pharmaceutical Engineer,Actalent,"· Santa Ana, CA",198.200 $/año - 297.300 $/año,En remoto,Jornada completa,Sin experiencia,De 5.001 a 10.000 empleados · Consultoría y servicios a empresas
